站点代码, 数据时间, 气温, 气压, 相对湿度, 风向, 风速, 降雨量, 能见度
58015,20221126182231,6.2,1021.7,9,253,10.3,1.2,10476.4
58102,20221126182231,22.2,1019.4,24,36,6.4,0.3,10114.4
58118,20221126182231,17.0,1017.2,32,230,3.1,0.6,10220.3
58122,20221126182231,5.1,1018.8,70,99,13.0,1.4,10124.5
58203,20221126182231,9.3,1011.6,10,128,2.4,0.6,10123.6
58215,20221126182231,17.0,1008.1,30,156,1.1,0.8,10228.4
58221,20221126182231,7.9,1014.9,29,33,10.1,1.1,10314.7
58225,20221126182231,18.5,1017.0,92,153,10.0,0.8,10184.6
58236,20221126182231,28.6,1010.2,6,145,13.9,0.7,10457.6
58311,20221126182231,12.1,1009.5,48,64,10.3,0.4,10111.4
58314,20221126182231,14.7,1004.7,26,323,11.1,0.5,10387.9
58319,20221126182231,14.7,1000.5,64,231,12.5,1.5,10087.4
58321,20221126182231,26.5,1005.7,62,200,0.0,1.4,10369.1
58326,20221126182231,20.9,1016.3,84,76,1.8,1.0,10393.5
58336,20221126182231,23.0,1005.7,81,348,9.4,1.4,10357.9
58338,20221126182231,1.7,1015.6,33,63,2.6,0.0,10124.1
58414,20221126182231,27.8,1011.6,24,121,12.0,0.4,10386.8
58419,20221126182231,21.4,1018.0,92,153,13.8,0.6,10111.7
58424,20221126182231,21.8,1010.8,22,293,12.0,1.0,10018.8
58429,20221126182231,29.0,1020.2,6,305,7.3,0.6,10353.6
58436,20221126182231,30.8,1011.4,76,55,8.7,0.7,10024.3
58437,20221126182231,3.1,1017.2,83,192,9.4,1.3,10320.8
58520,20221126182231,6.5,1001.4,20,74,5.9,0.0,10113.5
58531,20221126182231,10.7,1017.9,1,17,0.8,1.0,10335.8
54406,20221126182231,19.7,1010.1,71,46,8.2,1.0,10412.7
54416,20221126182231,14.9,1020.1,31,270,9.0,0.0,10329.1
54511,20221126182231,24.8,1024.4,61,50,13.8,1.5,10136.0
58725,20221126182231,20.1,1017.6,92,308,11.8,0.3,10386.5
58730,20221126182231,33.9,1025.9,100,50,9.5,0.1,10462.3
58731,20221126182231,31.3,1023.4,91,30,7.2,1.2,10351.5
58734,20221126182231,4.0,1001.1,48,108,12.5,0.3,10183.2
58737,20221126182231,21.6,1007.3,83,84,6.2,1.3,10437.4
58744,20221126182231,23.7,1007.6,70,216,6.8,1.2,10117.1
58754,20221126182231,1.0,1025.9,68,295,1.1,0.9,10185.9
58818,20221126182231,29.9,1019.9,31,6,11.5,1.4,10206.5
58820,20221126182231,23.1,1005.7,17,195,2.8,0.2,10384.0
58834,20221126182231,31.8,1001.0,64,202,9.4,1.2,10228.5
58837,20221126182231,14.4,1002.4,50,17,14.6,0.9,10054.3
58843,20221126182231,4.3,1017.9,71,52,10.6,0.8,10436.5
58846,20221126182231,6.8,1019.7,38,12,7.2,1.4,10452.2
58847,20221126182231,14.2,1013.1,40,242,13.2,0.6,10498.9
58911,20221126182231,28.3,1011.9,95,238,9.5,1.2,10095.8
58918,20221126182231,4.0,1011.8,41,128,8.9,0.6,10252.1
58921,20221126182231,34.0,1001.6,85,49,9.9,1.3,10191.6
58926,20221126182231,15.0,1013.7,53,353,13.4,1.1,10034.9
58927,20221126182231,24.0,1005.3,32,116,8.9,1.3,10458.2
58931,20221126182231,32.8,1020.8,54,306,3.8,0.1,10367.2
58933,20221126182231,28.1,1022.9,20,277,7.6,1.5,10249.5
58936,20221126182231,7.4,1006.2,80,8,5.6,0.0,10040.7
58944,20221126182231,3.7,1006.2,89,320,2.5,1.1,10180.4
59113,20221126182231,11.4,1001.1,43,171,2.0,0.8,10082.2
59126,20221126182231,34.9,1021.3,4,358,0.3,1.5,10094.9
59133,20221126182231,25.6,1004.6,15,186,0.5,0.6,10203.4
59134,20221126182231,5.6,1001.5,32,192,5.7,0.7,10165.4
59321,20221126182231,32.7,1026.2,22,241,3.8,1.2,10404.5
52323,20221126182231,6.2,1013.9,30,221,10.7,0.1,10326.8
52418,20221126182231,30.2,1022.0,80,61,8.6,1.0,10430.6
52424,20221126182231,34.7,1020.9,6,214,7.4,1.2,10271.1
52436,20221126182231,28.5,1015.2,76,70,4.9,0.5,10246.9
52446,20221126182231,32.0,1002.5,77,92,2.9,0.6,10469.1
52447,20221126182231,33.7,1003.8,90,89,0.3,1.2,10450.6
52533,20221126182231,0.3,1009.6,91,15,1.2,1.5,10271.1
52546,20221126182231,34.7,1012.9,53,172,14.1,0.3,10163.2
52652,20221126182231,2.1,1002.6,67,285,4.1,1.5,10106.7
52661,20221126182231,18.5,1010.3,16,161,4.8,0.8,10272.5
52674,20221126182231,19.3,1007.1,1,304,9.3,0.6,10015.3
52679,20221126182231,13.2,1021.3,26,334,12.2,0.9,10344.7
52681,20221126182231,0.0,1024.7,13,190,3.3,1.5,10031.6
52787,20221126182231,31.3,1021.6,86,309,3.1,0.8,10096.8
52797,20221126182231,17.2,1019.6,73,122,8.2,0.9,10192.4
52884,20221126182231,3.2,1011.5,63,145,10.3,0.8,10302.1
52895,20221126182231,9.1,1007.2,2,225,12.4,1.3,10472.0
52983,20221126182231,9.9,1017.6,4,187,2.2,0.8,10047.3
52984,20221126182231,6.0,1014.2,52,124,10.0,1.5,10292.3
52986,20221126182231,32.4,1012.3,50,132,6.6,1.1,10170.0
52996,20221126182231,18.5,1007.9,33,349,1.7,0.5,10292.4
53821,20221126182231,20.8,1000.3,2,343,9.5,0.8,10081.0
53915,20221126182231,6.1,1025.1,32,95,8.8,1.0,10463.6
53923,20221126182231,34.4,1024.9,83,93,1.0,1.1,10478.6
56074,20221126182231,28.9,1020.2,39,87,9.4,0.2,10444.5
56080,20221126182231,6.4,1026.0,95,146,0.3,0.8,10131.5
56093,20221126182231,31.5,1008.9,53,42,5.1,1.5,10112.8
56096,20221126182231,32.5,1010.1,61,58,13.1,1.4,10266.9
57014,20221126182231,6.0,1017.0,41,239,12.0,1.4,10365.4
57996,20221126182231,22.6,1021.0,20,9,10.5,1.3,10395.6
59072,20221126182231,6.9,1026.3,46,41,1.8,1.0,10066.5
59082,20221126182231,24.7,1005.5,33,192,0.7,0.0,10043.4
59087,20221126182231,27.7,1006.9,46,83,11.6,0.1,10014.5
59088,20221126182231,7.1,1022.5,73,322,1.5,0.3,10190.3
59096,20221126182231,30.9,1011.2,20,71,7.0,1.2,10446.8
59097,20221126182231,4.4,1003.6,28,163,10.2,1.5,10495.5
59107,20221126182231,17.3,1017.8,19,313,9.4,0.8,10063.0
59116,20221126182231,18.1,1004.8,91,79,1.9,1.4,10417.7
59117,20221126182231,3.1,1003.9,38,87,1.3,0.4,10095.3
59271,20221126182231,8.4,1011.6,83,118,3.9,0.1,10094.4
59278,20221126182231,0.4,1003.5,70,114,12.5,1.2,10058.3
59280,20221126182231,12.5,1021.1,96,333,0.9,0.5,10443.9
59287,20221126182231,10.7,1021.3,39,47,5.4,0.4,10175.4
59289,20221126182231,12.2,1026.2,65,314,10.5,1.0,10309.9
59293,20221126182231,19.6,1007.4,27,128,7.9,0.7,10483.4
59294,20221126182231,23.8,1007.2,55,48,9.3,1.4,10124.0
59298,20221126182231,25.7,1021.0,99,355,3.5,0.8,10283.9
59303,20221126182231,16.5,1003.9,29,350,14.9,1.2,10083.4
59304,20221126182231,16.1,1025.2,50,31,10.1,0.3,10078.1
59306,20221126182231,4.6,1022.0,88,31,11.2,0.1,10448.6
59310,20221126182231,32.1,1023.6,34,315,12.9,1.5,10219.2
59316,20221126182231,10.2,1004.1,58,88,8.6,0.9,10348.7
59317,20221126182231,18.4,1010.7,88,271,12.4,0.9,10190.5
59324,20221126182231,16.4,1022.6,84,82,4.3,1.0,10416.0
59456,20221126182231,30.7,1016.3,74,196,0.7,1.4,10488.0
59462,20221126182231,34.3,1014.1,86,344,6.2,1.4,10237.0
59478,20221126182231,5.9,1010.5,36,225,11.4,0.6,10489.5
59485,20221126182231,31.6,1022.1,21,208,8.0,1.5,10366.1
59488,20221126182231,12.9,1001.7,37,121,4.2,0.5,10275.7
59493,20221126182231,28.6,1015.1,33,125,1.2,1.0,10354.6
59501,20221126182231,12.1,1018.2,7,117,4.2,0.5,10470.2
59658,20221126182231,3.6,1007.9,93,297,2.5,0.8,10334.7
59663,20221126182231,23.2,1008.6,1,11,4.8,0.9,10324.3
59664,20221126182231,33.0,1001.5,63,140,7.4,0.6,10412.1
59673,20221126182231,30.5,1021.9,20,183,12.7,1.4,10235.1
59754,20221126182231,8.6,1011.9,57,40,3.3,1.2,10074.9
57947,20221126182231,15.6,1019.4,47,298,13.5,0.7,10123.9
57957,20221126182231,33.1,1001.0,15,47,9.2,1.2,10281.6
57958,20221126182231,16.9,1007.7,50,43,8.9,1.2,10424.7
59021,20221126182231,19.5,1004.6,12,317,1.8,0.3,10124.0
59023,20221126182231,30.0,1006.6,99,312,3.5,0.1,10244.2
59027,20221126182231,10.5,1014.1,85,209,3.6,1.0,10353.6
59037,20221126182231,5.9,1013.6,57,175,0.1,0.1,10363.6
59046,20221126182231,34.2,1026.1,21,96,12.4,0.4,10125.7
59058,20221126182231,8.8,1017.3,16,36,12.5,0.9,10474.7
59065,20221126182231,13.7,1023.2,44,97,10.8,0.0,10072.0
59209,20221126182231,20.5,1010.8,36,137,10.5,0.8,10099.7
59211,20221126182231,8.3,1003.9,75,38,12.7,0.6,10282.6
59218,20221126182231,25.6,1013.5,52,326,13.4,0.6,10021.9
59228,20221126182231,27.5,1019.9,56,43,4.6,1.4,10466.5
59242,20221126182231,26.6,1011.5,60,343,10.9,1.0,10276.6
59254,20221126182231,27.2,1004.8,57,4,4.0,0.2,10084.0
59265,20221126182231,27.5,1005.4,29,171,0.9,0.3,10202.9
59417,20221126182231,2.4,1023.0,65,326,8.4,1.1,10493.1
59431,20221126182231,0.4,1006.7,95,97,0.2,1.3,10493.0
59446,20221126182231,13.3,1019.5,26,99,14.0,0.2,10164.3
59453,20221126182231,14.7,1014.1,30,250,9.5,0.1,10220.6
59626,20221126182231,7.3,1000.6,44,142,9.3,1.2,10283.9
59631,20221126182231,26.1,1004.6,92,29,0.5,0.5,10030.8
59632,20221126182231,13.5,1011.1,45,43,14.3,0.9,10103.5
59644,20221126182231,17.2,1004.3,11,156,2.0,0.0,10044.5
59647,20221126182231,4.1,1022.4,40,294,9.2,1.1,10027.8
56691,20221126182231,2.3,1023.0,87,174,12.6,0.1,10050.4
56693,20221126182231,1.6,1011.1,76,34,10.7,0.3,10091.8
56792,20221126182231,16.1,1014.5,77,98,4.6,0.3,10302.6
56793,20221126182231,8.2,1005.4,21,285,13.0,1.5,10231.1
57606,20221126182231,20.8,1001.4,90,40,13.9,0.3,10145.4
57614,20221126182231,18.0,1017.1,52,232,2.2,0.6,10069.0
57625,20221126182231,20.9,1006.7,20,64,8.9,1.2,10482.7
57647,20221126182231,9.1,1017.5,29,245,11.6,0.4,10276.6
57707,20221126182231,11.8,1014.0,4,153,0.4,0.8,10013.7
57710,20221126182231,7.6,1003.4,10,184,2.7,1.2,10147.3
57712,20221126182231,34.0,1005.8,19,133,13.7,0.9,10372.0
57718,20221126182231,13.4,1013.5,93,46,7.2,0.1,10154.2
57722,20221126182231,30.6,1018.6,15,261,13.1,1.3,10409.8
57729,20221126182231,15.8,1015.6,1,16,3.0,0.1,10458.0
57731,20221126182231,10.8,1003.1,21,249,11.1,0.2,10159.1
57741,20221126182231,15.8,1005.4,13,347,1.5,0.5,10347.2
57803,20221126182231,26.2,1001.0,17,252,10.1,1.1,10044.7
57805,20221126182231,31.2,1013.0,40,45,1.2,0.8,10230.2
57806,20221126182231,32.8,1015.1,14,174,7.5,0.5,10359.4
57816,20221126182231,33.6,1013.8,58,97,0.2,1.0,10223.6
57825,20221126182231,31.2,1010.7,62,321,5.7,0.1,10277.2
57827,20221126182231,13.8,1011.7,19,45,6.5,0.5,10168.1
57832,20221126182231,25.4,1008.4,84,193,5.3,0.4,10366.7
57839,20221126182231,2.6,1009.4,43,36,10.4,0.4,10445.4
57840,20221126182231,28.4,1004.0,74,198,9.9,0.6,10147.0
57902,20221126182231,30.1,1023.6,33,178,3.0,0.2,10003.3
57906,20221126182231,18.3,1021.0,39,156,10.9,0.2,10123.5
57907,20221126182231,6.3,1005.5,30,42,0.2,0.4,10428.3
57910,20221126182231,5.2,1024.7,69,235,14.2,0.6,10492.5
57912,20221126182231,28.7,1007.3,86,21,9.6,1.4,10181.1
57916,20221126182231,9.5,1021.5,88,26,8.0,1.0,10275.1
57922,20221126182231,0.5,1024.5,6,66,7.2,1.0,10401.0
57926,20221126182231,7.4,1025.6,65,91,12.8,0.8,10213.9
57932,20221126182231,7.9,1013.9,45,15,5.3,1.0,10427.0
59758,20221126182231,16.8,1019.0,41,200,12.0,1.1,10165.3
59838,20221126182231,14.2,1017.2,63,255,10.9,0.7,10198.7
59845,20221126182231,22.4,1010.8,55,46,11.0,0.2,10276.0
59849,20221126182231,34.9,1011.6,89,283,12.7,0.0,10437.6
59855,20221126182231,20.5,1023.2,52,284,6.2,0.3,10242.9
59948,20221126182231,16.0,1000.7,76,68,3.0,0.1,10086.1
59954,20221126182231,2.6,1002.8,41,313,11.2,0.3,10237.7
59981,20221126182231,2.4,1004.5,22,272,1.6,0.9,10473.8
53399,20221126182231,33.7,1013.6,59,38,0.8,1.3,10361.4
53593,20221126182231,3.6,1014.2,32,50,2.4,0.6,10237.5
53698,20221126182231,26.5,1003.8,38,328,10.6,1.3,10184.5
53798,20221126182231,14.0,1020.2,58,20,13.8,1.1,10432.3
54308,20221126182231,20.3,1009.7,33,304,3.8,1.4,10450.7
54311,20221126182231,14.4,1002.6,50,34,0.5,0.0,10437.8
54401,20221126182231,32.5,1003.4,87,68,8.7,0.3,10358.0
54405,20221126182231,18.7,1011.2,15,202,12.7,0.7,10249.1
54423,20221126182231,8.9,1015.2,12,13,4.7,1.2,10152.8
54429,20221126182231,21.2,1000.3,66,176,14.2,1.4,10281.8
54436,20221126182231,22.5,1008.5,99,19,3.6,0.8,10367.1
54449,20221126182231,16.0,1005.1,61,68,1.4,0.2,10392.8
54518,20221126182231,1.2,1001.8,90,308,5.2,0.0,10163.0
54534,20221126182231,24.6,1022.8,64,297,13.9,1.2,10040.8
54535,20221126182231,21.5,1013.8,89,150,4.0,0.2,10465.9
54539,20221126182231,34.4,1001.0,35,333,13.6,1.4,10373.5
54602,20221126182231,11.8,1009.6,9,103,6.9,0.5,10361.2
54606,20221126182231,0.5,1024.6,38,243,0.2,0.4,10182.8
54618,20221126182231,27.6,1015.6,38,174,12.4,0.9,10380.1
54624,20221126182231,0.0,1016.6,67,254,14.3,0.0,10282.3
54705,20221126182231,19.9,1016.7,25,264,11.8,1.2,10083.5
53898,20221126182231,31.4,1016.1,32,202,3.5,0.8,10151.1
53986,20221126182231,28.0,1004.5,50,50,5.1,0.7,10261.2
57051,20221126182231,34.7,1012.1,9,255,8.4,1.1,10032.4
57067,20221126182231,1.5,1001.9,41,161,2.6,0.5,10344.1
57071,20221126182231,2.5,1001.4,77,285,13.1,0.3,10419.7
57077,20221126182231,12.2,1003.7,38,195,5.0,0.7,10241.5
57083,20221126182231,15.5,1023.8,42,231,4.4,0.9,10454.8
57084,20221126182231,24.1,1007.3,21,182,10.8,0.4,10480.8
57089,20221126182231,33.6,1019.7,73,173,12.7,0.1,10434.4
57091,20221126182231,34.9,1014.5,71,48,14.0,0.8,10218.5
57156,20221126182231,6.7,1003.7,25,13,12.5,1.3,10130.0
57178,20221126182231,27.5,1022.1,4,334,4.7,1.5,10218.2
57181,20221126182231,20.4,1015.0,93,333,11.3,0.5,10015.8
57193,20221126182231,4.3,1020.6,98,174,12.6,0.7,10437.8
57285,20221126182231,0.5,1014.7,70,178,12.6,0.9,10342.9
57290,20221126182231,30.9,1001.5,29,135,2.8,0.7,10415.9
57297,20221126182231,32.1,1009.6,99,282,14.4,0.7,10198.4
58005,20221126182231,9.2,1002.3,55,151,12.6,0.7,10193.3
58111,20221126182231,4.3,1015.3,40,263,10.2,1.2,10374.7
58208,20221126182231,26.5,1014.5,86,232,1.7,0.6,10177.2
50136,20221126182231,15.0,1005.2,42,31,5.6,1.5,10054.1
50246,20221126182231,2.9,1014.7,82,29,14.2,1.2,10483.9
50247,20221126182231,12.1,1003.6,18,273,1.6,1.2,10407.1
50349,20221126182231,28.1,1022.5,30,310,7.5,1.1,10133.5
50353,20221126182231,6.8,1003.1,95,47,3.0,0.3,10202.6
50442,20221126182231,28.2,1015.1,65,248,1.1,0.9,10482.5
50468,20221126182231,12.0,1020.0,10,152,12.7,0.2,10359.1
50557,20221126182231,9.9,1018.6,98,164,0.6,1.0,10481.6
50564,20221126182231,10.3,1004.5,2,187,12.6,0.7,10249.2
50656,20221126182231,9.2,1022.4,78,167,1.2,0.9,10093.5
50658,20221126182231,16.1,1005.1,86,57,7.6,0.7,10145.8
50674,20221126182231,26.1,1026.2,51,181,11.6,1.1,10156.7
50739,20221126182231,25.5,1014.0,37,98,12.1,0.5,10322.3
50742,20221126182231,26.9,1004.4,5,350,7.0,0.2,10215.6
50745,20221126182231,7.6,1021.5,47,256,11.6,0.3,10338.6
50756,20221126182231,28.7,1019.2,87,80,1.0,1.2,10444.1
50758,20221126182231,9.0,1005.7,24,82,11.4,0.3,10179.5
50774,20221126182231,4.9,1015.3,51,137,3.4,0.2,10391.0
50778,20221126182231,3.2,1016.6,58,36,1.4,0.3,10271.4
50788,20221126182231,3.1,1009.2,30,165,6.9,0.7,10331.6
50844,20221126182231,23.9,1022.5,84,129,4.2,0.2,10109.1
50853,20221126182231,18.5,1011.4,25,286,1.7,0.2,10057.0
50854,20221126182231,6.1,1011.4,84,147,11.7,0.4,10110.3
50862,20221126182231,34.4,1008.6,41,104,13.5,1.0,10275.1
50873,20221126182231,0.4,1014.9,72,118,14.7,1.5,10091.1
50877,20221126182231,5.5,1003.5,12,150,13.5,1.2,10292.7
50888,20221126182231,28.5,1004.0,81,158,9.1,0.3,10213.5
50950,20221126182231,31.2,1014.3,14,62,10.6,0.6,10253.7
50953,20221126182231,20.8,1009.6,1,39,1.7,0.7,10482.3
50955,20221126182231,4.4,1019.8,90,46,9.4,0.0,10475.9
50963,20221126182231,24.8,1015.6,54,155,9.9,1.4,10030.1
50968,20221126182231,11.9,1013.1,60,323,1.1,0.4,10093.8
50973,20221126182231,4.8,1024.8,5,328,5.6,1.2,10064.1
50978,20221126182231,5.3,1025.3,98,178,5.6,1.0,10331.1
50983,20221126182231,13.6,1002.4,2,33,2.5,0.6,10148.5
54094,20221126182231,31.1,1024.7,63,89,9.6,0.9,10084.4
54096,20221126182231,26.3,1015.8,71,105,12.8,1.5,10101.6
57251,20221126182231,34.1,1021.3,46,79,1.1,0.7,10275.7
57256,20221126182231,9.9,1022.1,95,172,12.2,1.5,10044.4
57259,20221126182231,10.3,1020.8,28,54,4.8,0.1,10104.1
57265,20221126182231,7.2,1006.2,69,191,1.5,0.2,10367.5
57278,20221126182231,24.0,1026.0,15,140,5.1,0.3,10230.8
57279,20221126182231,2.1,1010.9,42,174,3.8,1.5,10095.4
57355,20221126182231,20.5,1023.4,18,180,13.9,0.4,10269.9
57358,20221126182231,25.6,1021.4,83,301,5.6,1.4,10322.7
57359,20221126182231,11.9,1005.6,14,27,0.8,1.5,10225.3
57363,20221126182231,12.5,1004.4,92,84,9.5,0.8,10442.3
57378,20221126182231,7.4,1001.6,22,226,5.5,0.6,10483.1
57381,20221126182231,20.9,1022.6,46,142,12.6,1.2,10436.8
57395,20221126182231,20.0,1026.3,1,66,2.1,0.6,10287.5
57399,20221126182231,1.5,1015.5,77,21,13.6,0.7,10195.3
57439,20221126182231,32.9,1006.8,29,79,2.4,0.1,10248.3
57445,20221126182231,28.0,1002.0,25,236,7.6,0.1,10022.3
57447,20221126182231,26.9,1018.2,26,99,12.8,1.4,10325.3
57458,20221126182231,34.8,1008.1,75,201,4.3,0.6,10273.1
57461,20221126182231,16.2,1001.7,41,104,2.5,0.4,10324.4
57476,20221126182231,18.2,1018.3,2,271,0.8,0.9,10152.8
57482,20221126182231,9.4,1025.1,70,83,4.6,1.1,10286.7
57483,20221126182231,20.5,1005.7,32,67,2.3,0.5,10411.9
57493,20221126182231,3.4,1002.2,37,88,7.9,1.2,10361.6
57494,20221126182231,30.4,1015.5,1,259,11.5,0.1,10418.4
57545,20221126182231,30.7,1019.0,3,93,12.8,1.1,10278.6
57573,20221126182231,9.4,1025.7,91,92,4.9,0.1,10341.6
57581,20221126182231,12.1,1012.3,46,3,3.8,0.9,10494.6
57583,20221126182231,10.9,1009.7,61,26,10.4,0.4,10314.1
57595,20221126182231,9.4,1009.8,29,266,9.5,0.6,10228.0
58402,20221126182231,1.3,1023.8,69,232,2.6,1.5,10297.4
58407,20221126182231,1.9,1007.2,41,4,6.1,0.1,10469.1
58500,20221126182231,32.1,1017.6,43,140,2.6,1.4,10248.3
57554,20221126182231,0.8,1022.4,33,4,2.9,1.2,10025.9
57562,20221126182231,2.3,1014.7,15,242,9.8,1.5,10282.3
57574,20221126182231,22.0,1016.9,11,3,2.6,0.3,10194.3
57584,20221126182231,0.1,1022.1,59,358,10.5,0.1,10292.6
57642,20221126182231,31.2,1006.2,59,5,12.4,1.4,10096.7
57649,20221126182231,0.1,1002.3,25,232,4.5,1.4,10432.9
57655,20221126182231,33.2,1019.8,89,109,11.9,1.0,10229.5
57662,20221126182231,1.7,1005.1,85,135,14.0,0.7,10324.0
57669,20221126182231,24.9,1009.5,38,120,5.7,1.1,10404.3
57671,20221126182231,13.7,1022.7,68,139,9.0,1.5,10132.2
57673,20221126182231,31.7,1005.8,6,323,10.9,0.1,10057.7
57679,20221126182231,12.3,1011.0,31,336,9.9,1.0,10041.8
57682,20221126182231,32.0,1024.1,39,108,1.1,1.5,10283.2
57687,20221126182231,10.3,1007.2,14,114,11.1,0.0,10353.0
57745,20221126182231,27.7,1000.7,17,322,11.3,1.3,10394.5
57749,20221126182231,17.1,1012.3,79,22,6.4,0.0,10281.9
57752,20221126182231,32.3,1025.0,44,326,13.6,1.3,10220.4
57758,20221126182231,10.4,1024.5,63,351,8.4,0.7,10193.3
57761,20221126182231,23.1,1013.2,24,209,3.9,1.5,10169.3
57766,20221126182231,2.6,1004.0,70,276,3.3,0.7,10315.5
57774,20221126182231,6.5,1021.5,11,64,13.5,0.9,10142.2
57776,20221126182231,0.5,1018.3,17,253,0.0,0.6,10189.5
57779,20221126182231,5.5,1009.6,75,241,11.8,1.3,10218.0
57780,20221126182231,26.6,1001.5,27,122,0.5,0.7,10204.2
57841,20221126182231,1.9,1004.2,70,210,10.7,0.3,10479.1
57845,20221126182231,9.9,1022.6,30,129,12.4,1.0,10062.0
57853,20221126182231,5.9,1007.9,92,132,8.2,0.9,10005.7
57857,20221126182231,34.8,1010.1,30,154,0.9,1.5,10416.7
57860,20221126182231,1.1,1002.5,67,345,0.4,1.2,10189.5
57866,20221126182231,1.8,1008.7,56,135,5.4,0.8,10222.0
57872,20221126182231,30.5,1025.2,20,347,0.9,1.1,10109.2
57874,20221126182231,29.3,1019.5,18,118,14.9,1.4,10387.5
57889,20221126182231,30.8,1023.8,41,74,6.3,1.4,10352.6
57965,20221126182231,29.2,1022.4,81,200,1.4,0.7,10327.3
57972,20221126182231,32.7,1009.3,64,252,10.8,1.5,10452.9
57974,20221126182231,10.2,1022.8,32,222,13.0,0.4,10377.8
50936,20221126182231,8.7,1025.9,25,159,0.7,0.0,10234.7
50945,20221126182231,34.7,1023.8,99,241,11.9,0.6,10089.1
50948,20221126182231,31.0,1021.7,9,185,4.0,0.7,10156.0
50949,20221126182231,9.1,1014.1,18,227,0.6,1.2,10167.4
54041,20221126182231,2.3,1015.8,43,288,0.2,1.1,10262.3
54049,20221126182231,27.4,1022.8,27,115,5.8,0.0,10255.2
54063,20221126182231,10.6,1014.9,50,63,7.1,1.3,10257.4
54064,20221126182231,21.3,1022.7,28,222,14.1,0.4,10135.9
54142,20221126182231,14.1,1002.9,12,74,0.2,0.2,10089.4
54157,20221126182231,19.4,1004.8,64,259,10.8,0.5,10123.8
54161,20221126182231,0.2,1004.8,31,7,11.7,0.7,10449.8
54165,20221126182231,31.8,1020.5,80,133,7.2,1.4,10377.8
54171,20221126182231,23.4,1007.7,98,23,0.6,0.8,10004.6
54181,20221126182231,6.0,1021.1,1,236,9.1,1.5,10252.3
54186,20221126182231,21.8,1001.9,42,67,11.9,1.5,10451.4
54195,20221126182231,0.6,1004.2,77,18,9.4,0.8,10019.4
54260,20221126182231,27.1,1017.1,100,342,7.3,0.8,10326.0
54263,20221126182231,35.0,1024.1,95,131,12.7,1.1,10331.4
54266,20221126182231,33.0,1008.7,95,51,1.9,0.3,10423.4
54273,20221126182231,14.7,1010.8,5,269,6.2,0.8,10183.6
54276,20221126182231,19.2,1014.0,92,165,10.7,1.1,10343.6
54284,20221126182231,17.8,1004.3,57,214,0.4,1.4,10393.3
54285,20221126182231,8.5,1002.2,66,35,6.0,0.7,10040.7
54286,20221126182231,29.2,1025.4,17,59,0.9,1.2,10225.7
54292,20221126182231,15.7,1022.9,9,160,9.5,0.7,10461.9
54363,20221126182231,16.6,1018.6,17,36,4.0,0.8,10090.7
54374,20221126182231,2.1,1005.8,9,250,12.2,1.3,10207.9
54377,20221126182231,29.0,1003.6,64,103,8.7,1.5,10268.3
54386,20221126182231,34.1,1005.1,32,3,5.6,0.3,10425.9
58026,20221126182231,29.3,1020.3,14,225,13.9,0.1,10242.7
58027,20221126182231,17.4,1019.9,45,358,7.9,0.4,10425.0
58038,20221126182231,23.8,1000.2,47,286,1.5,0.9,10349.4
58040,20221126182231,20.9,1024.4,85,154,9.2,1.2,10267.8
58047,20221126182231,26.9,1022.4,85,193,10.2,0.9,10462.2
58130,20221126182231,22.8,1010.4,5,195,8.5,0.0,10430.3
58135,20221126182231,18.6,1009.7,15,199,3.1,0.8,10289.2
58138,20221126182231,8.6,1013.9,60,223,11.0,1.1,10459.3
58141,20221126182231,15.0,1003.1,39,147,2.1,0.7,10183.9
58143,20221126182231,22.3,1019.7,76,289,10.3,1.5,10001.2
58150,20221126182231,3.8,1022.4,51,6,3.3,0.0,10441.0
58158,20221126182231,29.3,1025.6,36,155,9.6,0.6,10102.0
58238,20221126182231,3.0,1025.0,81,243,5.1,1.0,10392.3
58241,20221126182231,34.9,1025.8,37,330,6.6,1.1,10155.6
58251,20221126182231,33.1,1020.8,69,350,2.4,1.5,10103.8
58252,20221126182231,34.9,1008.7,47,174,1.4,1.4,10369.6
58255,20221126182231,0.6,1020.5,61,142,12.0,0.0,10264.3
58259,20221126182231,3.8,1005.2,62,288,10.6,0.5,10154.3
58265,20221126182231,23.9,1016.8,23,235,0.3,1.4,10299.1
58343,20221126182231,6.1,1006.5,27,228,5.3,0.0,10209.7
58345,20221126182231,18.8,1008.6,5,311,8.7,0.0,10310.9
58354,20221126182231,15.7,1025.5,44,265,12.2,0.8,10261.5
58356,20221126182231,2.8,1006.1,37,204,1.2,1.0,10108.2
58358,20221126182231,19.6,1019.8,58,95,1.8,0.7,10439.1
57598,20221126182231,0.9,1005.8,99,152,11.6,0.2,10055.7
57696,20221126182231,17.0,1021.7,82,155,13.2,0.4,10148.2
57789,20221126182231,2.7,1012.9,87,227,3.2,0.3,10227.0
57793,20221126182231,17.7,1006.8,44,194,3.8,0.1,10414.2
57799,20221126182231,26.2,1014.3,98,352,4.6,0.3,10121.6
57894,20221126182231,32.3,1005.6,53,320,12.3,0.5,10466.3
57896,20221126182231,1.6,1005.5,89,133,9.1,0.6,10453.3
57993,20221126182231,3.3,1008.4,45,2,8.5,0.7,10110.3
58506,20221126182231,1.5,1021.4,2,322,8.3,0.2,10457.5
58507,20221126182231,22.9,1021.3,93,336,9.6,1.2,10117.9
58519,20221126182231,19.5,1020.0,5,346,4.0,1.2,10198.7
58527,20221126182231,5.9,1023.7,93,36,11.8,0.8,10349.1
58600,20221126182231,24.8,1023.8,19,57,12.2,0.8,10245.3
58606,20221126182231,26.6,1017.5,79,19,1.6,1.0,10043.4
58608,20221126182231,10.3,1006.2,57,92,4.7,0.9,10334.0
58622,20221126182231,20.7,1000.8,55,248,7.2,1.5,10209.6
58626,20221126182231,0.8,1020.2,56,184,11.7,0.5,10279.8
58634,20221126182231,23.1,1022.2,86,137,1.8,1.1,10475.3
58637,20221126182231,13.3,1016.6,29,18,0.5,0.4,10104.0
58705,20221126182231,15.1,1014.0,94,131,5.1,1.1,10156.2
58715,20221126182231,0.7,1021.6,36,96,13.6,1.0,10438.0
58718,20221126182231,26.8,1016.3,39,193,1.5,0.7,10257.9
58806,20221126182231,25.0,1014.6,84,149,12.7,1.5,10428.1
58813,20221126182231,32.5,1003.3,51,116,14.5,0.3,10068.3
59092,20221126182231,2.5,1023.5,91,312,4.3,0.9,10412.6
59102,20221126182231,3.5,1015.0,6,133,4.0,1.2,10489.6
54236,20221126182231,34.0,1017.4,74,103,1.0,0.9,10334.5
54237,20221126182231,2.7,1001.2,33,253,2.0,0.3,10424.0
54243,20221126182231,6.5,1023.7,41,234,12.9,0.2,10114.1
54254,20221126182231,20.0,1015.5,32,314,3.0,1.2,10433.9
54259,20221126182231,4.3,1006.2,71,237,5.4,1.5,10416.2
54324,20221126182231,12.7,1001.4,86,306,7.9,0.5,10157.7
54326,20221126182231,28.8,1017.1,94,227,14.1,0.1,10030.4
54333,20221126182231,22.2,1019.0,25,195,3.0,0.3,10429.1
54334,20221126182231,26.4,1008.9,42,332,7.6,1.1,10031.8
54335,20221126182231,15.8,1003.4,83,239,11.5,0.7,10385.4
54337,20221126182231,34.7,1014.0,89,114,9.7,0.9,10432.3
54339,20221126182231,9.1,1011.4,100,320,13.9,1.2,10068.4
54342,20221126182231,25.4,1025.6,11,183,12.5,0.7,10365.9
54346,20221126182231,26.0,1021.2,29,308,2.6,0.2,10190.3
54349,20221126182231,15.6,1001.6,93,126,2.2,1.3,10067.3
54351,20221126182231,23.1,1010.4,98,79,13.5,0.1,10204.4
54353,20221126182231,30.8,1005.3,80,247,10.4,1.3,10262.3
54365,20221126182231,11.1,1025.3,98,108,1.0,1.4,10126.2
54452,20221126182231,0.1,1016.8,65,319,12.0,0.0,10357.5
54454,20221126182231,7.7,1000.1,2,155,10.8,1.1,10138.4
54455,20221126182231,6.9,1014.3,98,142,2.3,0.5,10341.6
54470,20221126182231,7.0,1014.3,53,161,1.1,0.5,10033.8
54471,20221126182231,27.3,1022.0,79,101,6.6,1.0,10412.0
54472,20221126182231,9.6,1025.2,11,342,4.4,0.0,10267.5
54476,20221126182231,23.3,1012.3,24,57,1.3,0.4,10306.1
54486,20221126182231,10.8,1001.1,42,133,2.0,0.1,10379.7
54493,20221126182231,31.0,1004.4,29,195,2.0,0.2,10344.6
54497,20221126182231,34.4,1005.0,10,204,0.3,0.0,10201.6
54563,20221126182231,26.1,1014.1,56,251,4.9,0.6,10034.5
54579,20221126182231,19.7,1010.2,21,98,10.4,0.1,10282.1
54584,20221126182231,0.2,1017.1,43,139,5.0,1.1,10369.2
54660,20221126182231,8.9,1009.4,84,80,3.0,0.4,10472.5
54662,20221126182231,18.4,1025.1,95,184,10.4,0.9,10349.6
50425,20221126182231,1.8,1005.4,88,177,13.4,1.1,10144.6
50434,20221126182231,5.0,1001.7,84,286,13.0,0.9,10371.0
50514,20221126182231,30.8,1012.3,93,145,12.8,0.7,10274.1
50527,20221126182231,5.1,1001.3,7,325,9.2,1.3,10232.7
50548,20221126182231,32.5,1024.2,69,252,8.2,1.5,10107.7
50603,20221126182231,17.8,1021.2,90,318,14.1,0.4,10023.9
50618,20221126182231,28.1,1017.9,54,317,9.8,0.5,10166.6
50632,20221126182231,28.4,1021.1,33,128,10.0,0.7,10333.9
50639,20221126182231,17.2,1013.2,15,20,4.4,0.2,10398.0
50727,20221126182231,32.2,1021.9,15,176,5.8,1.5,10243.0
50834,20221126182231,13.1,1003.7,83,194,7.6,0.8,10058.3
50838,20221126182231,12.4,1020.5,46,174,6.2,1.4,10041.7
50915,20221126182231,4.6,1009.4,28,218,11.1,1.3,10276.1
50924,20221126182231,27.3,1025.7,44,236,6.9,1.3,10352.0
52267,20221126182231,12.7,1022.4,40,49,9.3,1.3,10246.6
52495,20221126182231,12.5,1021.6,87,50,9.9,0.0,10231.2
52576,20221126182231,8.1,1019.9,100,127,3.3,0.2,10277.2
53068,20221126182231,21.1,1012.4,36,223,0.1,0.6,10330.3
53083,20221126182231,24.2,1018.4,25,62,10.5,1.1,10188.7
53149,20221126182231,27.4,1010.8,88,22,10.2,1.3,10185.4
53192,20221126182231,28.0,1014.7,29,46,12.3,0.7,10405.5
53195,20221126182231,29.7,1006.8,31,74,8.2,0.5,10357.8
53276,20221126182231,33.3,1016.3,2,250,8.7,0.5,10269.4
53336,20221126182231,21.5,1009.2,96,165,8.3,0.2,10015.2
53352,20221126182231,5.1,1007.0,44,160,6.9,0.4,10156.8
53362,20221126182231,3.1,1004.1,52,191,11.1,0.9,10405.2
53367,20221126182231,17.8,1014.3,69,321,14.6,0.9,10096.4
53391,20221126182231,26.2,1016.4,56,313,14.1,0.2,10321.1
53446,20221126182231,17.7,1006.0,51,183,4.5,1.3,10129.8
53463,20221126182231,32.5,1008.5,62,59,1.9,0.0,10227.0
53480,20221126182231,14.5,1003.2,70,106,4.6,0.1,10397.0
53502,20221126182231,1.8,1011.0,51,260,10.9,0.9,10260.1
53513,20221126182231,31.2,1018.7,45,1,14.4,1.4,10003.5
53529,20221126182231,14.5,1012.2,1,48,10.5,0.6,10417.6
53543,20221126182231,24.1,1021.0,31,276,12.8,1.1,10117.4
53547,20221126182231,28.2,1004.8,42,298,0.1,0.7,10422.5
53602,20221126182231,20.1,1009.0,65,97,6.0,0.8,10457.8
54012,20221126182231,34.6,1024.7,97,258,14.2,0.4,10376.0
54026,20221126182231,23.6,1010.9,78,25,9.5,0.4,10133.6
54027,20221126182231,21.4,1025.9,65,89,5.0,1.3,10486.0
54102,20221126182231,3.9,1011.6,19,123,0.1,0.7,10349.4
54115,20221126182231,31.7,1023.8,33,70,9.8,0.4,10162.2
54134,20221126182231,3.0,1001.1,79,111,9.1,0.7,10103.3
54135,20221126182231,21.3,1015.2,50,101,12.9,0.9,10303.7
54208,20221126182231,10.1,1015.3,30,282,2.4,1.2,10006.4
54213,20221126182231,0.2,1023.3,31,3,12.8,0.2,10164.8
54218,20221126182231,32.8,1006.2,34,248,11.9,1.1,10369.2
54226,20221126182231,32.2,1019.0,76,110,3.8,1.3,10400.9
53519,20221126182231,3.8,1001.2,74,128,1.5,1.0,10213.9
53612,20221126182231,22.6,1015.4,32,11,13.7,0.2,10059.0
53614,20221126182231,34.5,1012.1,28,124,6.9,0.0,10138.4
53615,20221126182231,32.7,1018.5,73,44,9.5,0.4,10111.4
53704,20221126182231,13.1,1019.7,18,284,1.9,0.6,10477.4
53705,20221126182231,22.2,1017.1,87,358,10.1,0.6,10102.6
53723,20221126182231,26.0,1015.7,64,308,11.0,0.6,10253.3
53806,20221126182231,0.0,1003.9,19,73,12.9,0.2,10250.5
53810,20221126182231,12.4,1010.7,84,282,7.1,1.2,10394.2
53817,20221126182231,13.1,1010.7,72,20,8.9,0.2,10141.7
53903,20221126182231,20.9,1013.3,13,82,11.2,0.3,10342.7
53910,20221126182231,6.0,1000.0,97,124,12.6,1.4,10081.8
51886,20221126182231,5.6,1022.1,8,225,5.1,0.2,10484.8
52602,20221126182231,25.7,1018.3,15,197,8.5,1.4,10388.1
52633,20221126182231,31.9,1024.1,61,310,7.4,0.0,10499.5
52645,20221126182231,30.7,1018.9,45,340,2.1,0.8,10235.2
52657,20221126182231,1.0,1019.1,47,336,1.2,0.1,10254.2
52707,20221126182231,27.6,1013.0,41,28,8.8,0.7,10007.8
52713,20221126182231,5.8,1006.3,8,24,9.1,1.5,10137.9
52737,20221126182231,28.9,1020.6,29,245,4.2,0.0,10333.9
52754,20221126182231,5.8,1004.1,35,174,12.2,0.0,10371.5
52765,20221126182231,14.1,1004.5,16,130,3.0,1.1,10027.2
52818,20221126182231,7.5,1004.7,96,187,0.7,0.2,10453.7
52825,20221126182231,10.7,1023.6,79,225,11.4,1.0,10252.2
52833,20221126182231,1.9,1021.7,89,3,9.8,1.0,10262.8
52836,20221126182231,15.8,1010.1,12,309,9.3,1.4,10161.3
52842,20221126182231,13.6,1010.8,2,166,14.8,1.2,10169.1
52856,20221126182231,17.9,1019.6,98,96,12.4,1.5,10150.0
52866,20221126182231,5.9,1013.4,45,148,1.6,0.0,10174.4
52868,20221126182231,32.3,1020.0,61,191,1.6,0.7,10444.3
52876,20221126182231,25.0,1025.9,64,6,8.4,0.8,10058.7
52908,20221126182231,1.9,1000.8,79,350,11.6,1.1,10058.4
52943,20221126182231,19.0,1021.8,20,13,13.7,1.5,10400.1
52955,20221126182231,20.5,1025.4,5,184,10.9,0.8,10410.0
52974,20221126182231,28.2,1011.4,21,188,4.0,0.8,10187.2
56004,20221126182231,17.0,1004.5,9,117,11.5,0.6,10187.4
56018,20221126182231,31.5,1018.4,46,126,11.9,0.1,10403.6
56021,20221126182231,27.1,1005.5,94,123,13.2,1.3,10332.1
56029,20221126182231,7.7,1013.6,9,351,10.5,0.8,10108.2
56033,20221126182231,9.8,1023.4,87,61,1.5,1.4,10102.5
56034,20221126182231,4.3,1010.8,31,24,4.9,1.5,10261.3
56043,20221126182231,31.5,1001.7,50,206,12.3,1.4,10403.1
56046,20221126182231,6.7,1010.7,82,90,0.8,0.1,10239.1
56065,20221126182231,24.3,1022.8,34,161,3.2,0.3,10063.4
56067,20221126182231,29.7,1001.1,18,170,10.1,1.5,10476.1
56125,20221126182231,3.6,1016.9,37,250,11.7,0.1,10460.5
56151,20221126182231,27.7,1000.2,38,209,7.6,0.7,10474.2
54715,20221126182231,7.8,1009.8,74,301,12.8,0.2,10469.9
54725,20221126182231,18.9,1005.7,50,72,14.5,1.4,10024.2
54727,20221126182231,0.9,1007.3,89,268,14.0,1.2,10230.3
54744,20221126182231,26.6,1004.6,67,219,9.8,0.0,10404.0
54751,20221126182231,7.8,1006.7,100,280,8.5,0.4,10063.5
54753,20221126182231,1.7,1020.5,77,359,6.0,1.0,10194.0
54764,20221126182231,26.8,1016.9,87,114,11.0,1.4,10174.1
54774,20221126182231,15.1,1009.8,74,237,11.9,0.3,10116.2
54776,20221126182231,0.2,1024.0,9,233,12.2,1.1,10166.6
54808,20221126182231,30.8,1000.2,67,188,6.2,1.1,10139.9
54823,20221126182231,1.8,1002.1,99,350,11.5,0.4,10475.8
54826,20221126182231,18.7,1020.3,39,77,11.8,0.3,10459.6
54836,20221126182231,30.4,1015.3,95,198,9.8,1.4,10032.7
54842,20221126182231,18.0,1006.2,9,135,14.4,1.4,10141.8
54843,20221126182231,31.5,1005.6,23,163,14.2,0.8,10421.3
54857,20221126182231,32.8,1014.4,2,47,12.4,0.7,10170.1
54863,20221126182231,17.3,1013.8,4,133,5.6,0.2,10068.5
54909,20221126182231,8.0,1026.2,47,321,11.4,1.0,10460.2
54916,20221126182231,7.3,1024.2,32,29,5.4,0.1,10051.7
54929,20221126182231,5.9,1013.8,70,108,8.7,0.2,10463.3
54936,20221126182231,1.3,1013.6,18,85,11.6,0.8,10020.9
54945,20221126182231,13.1,1023.2,82,131,7.5,1.5,10001.5
58034,20221126182231,15.7,1007.8,34,274,11.5,0.0,10205.5
53478,20221126182231,17.9,1019.5,28,140,14.8,0.8,10230.1
53487,20221126182231,20.3,1013.5,81,18,3.3,1.3,10133.3
53490,20221126182231,29.4,1022.0,42,254,14.4,0.6,10204.2
53564,20221126182231,10.3,1019.6,23,153,13.6,1.1,10007.1
53578,20221126182231,25.8,1021.1,43,195,9.1,0.1,10455.4
53579,20221126182231,6.6,1002.9,28,188,13.9,0.4,10406.1
53588,20221126182231,0.7,1011.2,82,254,2.9,1.4,10474.6
53594,20221126182231,30.6,1001.8,59,355,9.9,0.4,10496.1
53663,20221126182231,20.9,1016.2,80,351,11.1,0.9,10266.4
53664,20221126182231,25.0,1015.9,14,306,1.3,0.8,10197.6
53673,20221126182231,5.7,1006.7,54,317,11.0,1.0,10020.9
53687,20221126182231,21.5,1014.4,5,125,0.9,0.7,10353.0
53764,20221126182231,16.1,1003.7,26,118,3.7,0.5,10299.5
53772,20221126182231,32.8,1007.0,8,342,7.5,0.0,10475.8
53775,20221126182231,11.3,1005.5,24,315,6.7,0.4,10146.7
53787,20221126182231,16.6,1016.7,28,121,7.3,0.4,10430.6
53853,20221126182231,14.9,1003.4,4,4,14.8,1.3,10108.5
53859,20221126182231,21.9,1015.1,85,295,6.6,1.5,10221.9
53863,20221126182231,4.3,1016.1,39,94,13.1,0.5,10471.4
53868,20221126182231,17.8,1012.4,6,82,5.2,0.4,10394.8
53877,20221126182231,24.9,1001.3,94,20,6.9,0.9,10022.3
53882,20221126182231,30.6,1009.8,52,147,6.6,1.1,10173.7
53884,20221126182231,21.7,1020.3,34,18,14.4,1.5,10071.2
53959,20221126182231,0.9,1004.5,94,98,12.6,1.0,10456.3
53963,20221126182231,26.3,1025.9,16,198,10.5,0.0,10470.9
53968,20221126182231,15.6,1008.6,76,316,9.1,0.6,10441.2
53975,20221126182231,11.8,1007.3,100,64,4.1,1.2,10149.2
57052,20221126182231,34.6,1003.7,87,265,9.4,1.1,10414.9
53646,20221126182231,24.8,1005.1,56,61,6.7,1.4,10094.4
53651,20221126182231,22.3,1012.5,31,189,4.6,0.1,10265.6
53725,20221126182231,33.3,1022.5,2,287,5.0,1.2,10484.5
53735,20221126182231,3.2,1006.1,66,81,4.6,1.1,10024.8
53738,20221126182231,32.3,1018.4,43,83,11.7,1.4,10043.1
53740,20221126182231,6.5,1023.7,29,297,10.7,1.0,10026.2
53754,20221126182231,19.7,1018.2,5,276,10.4,0.1,10354.0
53845,20221126182231,33.1,1007.8,40,238,14.4,1.2,10121.6
53854,20221126182231,20.5,1004.8,79,23,9.4,0.9,10120.4
53929,20221126182231,24.9,1011.6,16,89,4.3,0.0,10042.0
53942,20221126182231,31.1,1015.9,18,139,7.4,0.9,10019.7
53948,20221126182231,18.5,1025.3,3,355,3.8,0.5,10309.9
53955,20221126182231,1.2,1019.8,17,305,0.6,0.3,10126.7
57003,20221126182231,3.8,1023.3,8,26,9.1,0.6,10457.1
57025,20221126182231,8.3,1024.3,79,149,2.3,1.5,10004.6
57028,20221126182231,4.4,1000.5,8,319,0.0,0.2,10078.6
57030,20221126182231,16.5,1019.1,4,274,14.9,1.2,10103.5
57034,20221126182231,30.9,1006.2,61,292,13.7,0.7,10330.4
57037,20221126182231,3.3,1020.9,51,204,5.8,0.8,10024.3
57046,20221126182231,31.6,1011.0,7,124,14.7,1.0,10028.8
57048,20221126182231,16.2,1019.9,83,156,7.7,0.1,10294.8
57049,20221126182231,6.9,1015.7,63,88,12.4,0.6,10300.0
57106,20221126182231,14.4,1011.1,84,301,13.2,0.5,10147.8
57124,20221126182231,18.1,1014.3,13,315,13.8,0.6,10434.9
57127,20221126182231,15.3,1018.7,28,124,10.8,0.9,10364.5
57131,20221126182231,6.4,1025.6,36,149,5.4,0.1,10215.8
57134,20221126182231,11.9,1016.6,63,12,11.4,0.5,10373.1
57140,20221126182231,27.4,1012.7,92,309,4.5,1.5,10400.3
57143,20221126182231,12.0,1001.9,77,190,0.8,1.1,10379.7
57144,20221126182231,28.9,1023.4,80,99,11.3,1.1,10023.9
57154,20221126182231,25.1,1010.4,38,307,3.8,0.7,10095.0
57211,20221126182231,29.3,1009.8,78,279,3.0,0.4,10334.9
57232,20221126182231,3.3,1010.8,7,160,5.2,0.6,10380.4
57238,20221126182231,11.8,1018.5,90,243,0.6,1.2,10470.7
57245,20221126182231,16.7,1026.3,71,76,0.0,0.4,10422.2
57343,20221126182231,21.9,1012.4,80,152,10.8,0.8,10222.7
58362,20221126182231,8.5,1000.9,86,236,10.7,0.3,10389.7
56038,20221126182231,27.1,1018.2,60,315,1.7,0.4,10068.5
56079,20221126182231,8.7,1009.8,2,263,0.4,1.2,10346.7
56144,20221126182231,23.8,1005.9,69,124,14.5,1.1,10170.2
56146,20221126182231,34.6,1013.3,85,234,8.9,0.9,10496.2
56152,20221126182231,16.9,1005.2,91,69,4.0,1.3,10200.2
56167,20221126182231,3.9,1013.9,96,171,11.8,1.3,10073.6
56172,20221126182231,11.7,1010.0,60,238,5.9,1.1,10145.5
56173,20221126182231,2.7,1024.5,63,120,3.8,1.1,10116.2
56178,20221126182231,23.2,1008.3,69,165,13.1,1.0,10484.6
56182,20221126182231,8.4,1015.5,24,168,11.1,1.0,10416.0
56187,20221126182231,33.5,1001.6,92,245,14.6,0.6,10423.4
56188,20221126182231,13.9,1002.3,10,102,11.3,0.4,10494.7
56196,20221126182231,19.4,1022.8,81,309,9.1,0.8,10162.2
56247,20221126182231,0.3,1024.3,94,123,7.0,0.8,10074.6
56251,20221126182231,8.1,1006.9,89,207,1.2,0.7,10226.2
56257,20221126182231,1.8,1021.8,61,236,1.6,0.6,10373.7
56287,20221126182231,24.6,1020.1,53,71,1.9,0.8,10227.2
56357,20221126182231,21.8,1026.2,73,265,14.3,0.5,10221.5
56374,20221126182231,11.2,1008.6,5,49,12.7,0.0,10093.6
56385,20221126182231,14.5,1021.0,43,118,0.8,0.6,10447.2
56386,20221126182231,2.4,1014.6,98,296,12.2,0.6,10080.6
56459,20221126182231,24.6,1018.9,5,4,11.9,0.4,10384.5
56462,20221126182231,4.4,1002.9,70,39,3.0,1.0,10215.7
56475,20221126182231,10.6,1001.5,51,116,14.6,0.8,10113.9
56479,20221126182231,2.0,1009.3,15,313,2.5,0.3,10294.6
56485,20221126182231,5.2,1006.5,81,281,5.2,0.5,10192.9
56492,20221126182231,30.3,1011.6,87,57,0.7,0.3,10291.9
56565,20221126182231,10.3,1000.6,50,36,0.2,1.1,10190.9
56571,20221126182231,18.5,1020.5,45,16,9.6,1.0,10267.6
56666,20221126182231,20.6,1020.8,83,222,13.9,1.1,10469.8
56671,20221126182231,5.0,1002.3,13,54,11.1,0.6,10400.8
57206,20221126182231,3.2,1022.9,20,88,3.5,0.1,10253.1
57237,20221126182231,21.2,1000.5,3,289,6.6,1.0,10022.6
57306,20221126182231,13.3,1006.1,40,87,3.1,1.4,10319.8
57313,20221126182231,14.9,1023.7,26,143,8.5,0.9,10083.0
57314,20221126182231,32.2,1008.8,81,127,9.2,0.4,10267.6
57328,20221126182231,5.0,1014.1,82,209,4.1,1.1,10401.2
57405,20221126182231,5.1,1015.1,9,155,13.7,0.8,10005.3
57411,20221126182231,18.9,1013.4,25,211,1.3,1.3,10404.8
57503,20221126182231,31.5,1022.3,85,106,7.6,0.4,10039.9
57604,20221126182231,28.6,1006.8,91,130,8.9,0.7,10048.4
57608,20221126182231,7.8,1026.3,82,64,13.9,0.2,10053.2
54525,20221126182231,9.7,1021.7,35,338,1.8,0.6,10308.5
54527,20221126182231,0.7,1001.4,49,151,0.0,0.0,10486.3
54623,20221126182231,29.6,1009.5,96,169,7.1,1.3,10306.9
55228,20221126182231,24.7,1003.2,23,305,7.0,0.3,10063.5
55248,20221126182231,5.1,1022.2,15,101,9.1,0.4,10350.6
55279,20221126182231,2.3,1025.9,34,334,6.8,1.3,10204.6
55294,20221126182231,13.4,1018.5,8,249,1.8,0.2,10179.5
55299,20221126182231,25.4,1004.9,2,121,10.6,0.3,10472.1
55437,20221126182231,1.9,1012.0,42,32,2.8,1.1,10377.9
55472,20221126182231,29.1,1021.0,27,243,1.4,0.3,10251.5
55493,20221126182231,24.5,1013.1,56,233,10.8,0.6,10352.4
55569,20221126182231,28.3,1002.0,53,319,11.4,0.1,10439.2
55578,20221126182231,21.9,1021.8,21,344,1.1,0.9,10259.3
55585,20221126182231,25.0,1018.5,83,82,7.5,0.4,10090.7
55591,20221126182231,1.8,1019.5,76,135,11.3,0.6,10238.1
55598,20221126182231,17.9,1002.4,84,272,11.4,0.7,10494.4
55655,20221126182231,15.8,1017.6,45,186,7.1,1.2,10212.6
55664,20221126182231,5.2,1021.9,59,23,9.9,0.9,10181.4
55680,20221126182231,3.5,1008.1,84,107,7.3,0.6,10343.1
55681,20221126182231,14.1,1000.5,23,310,13.6,1.3,10468.3
55690,20221126182231,15.8,1009.8,86,314,13.4,0.6,10276.6
55696,20221126182231,25.1,1023.1,3,340,12.8,0.8,10269.8
55773,20221126182231,2.7,1016.5,54,206,5.9,0.5,10443.6
56106,20221126182231,34.5,1014.9,68,19,4.0,0.6,10123.3
56116,20221126182231,18.5,1012.4,44,269,14.2,1.2,10362.3
56137,20221126182231,0.1,1004.5,8,226,5.9,0.1,10398.4
56202,20221126182231,32.5,1013.9,46,46,3.1,1.5,10111.8
56223,20221126182231,21.0,1018.7,51,223,4.1,0.2,10470.7
56227,20221126182231,15.4,1023.7,76,160,1.1,0.2,10280.9
56312,20221126182231,17.6,1010.5,58,114,11.1,0.8,10383.9
56331,20221126182231,33.0,1012.3,51,259,0.2,1.2,10357.9
56434,20221126182231,23.8,1019.9,3,26,4.1,0.5,10286.0
51053,20221126182231,11.3,1006.0,48,358,13.9,0.6,10333.2
51059,20221126182231,30.7,1001.9,72,78,14.6,0.0,10479.3
51060,20221126182231,0.0,1023.2,18,141,7.5,0.8,10482.2
51068,20221126182231,25.5,1006.5,71,214,1.9,0.0,10119.7
51076,20221126182231,4.3,1008.4,94,156,0.6,0.4,10074.3
51087,20221126182231,6.8,1011.4,45,70,6.0,0.4,10317.6
51133,20221126182231,28.5,1025.8,58,96,4.5,0.3,10362.8
51156,20221126182231,8.7,1003.4,91,151,11.9,0.0,10134.7
51186,20221126182231,17.8,1017.2,59,84,6.8,0.8,10076.3
51232,20221126182231,19.3,1003.7,20,54,5.9,1.1,10337.4
51238,20221126182231,11.6,1007.3,90,266,13.2,0.6,10301.3
51241,20221126182231,14.2,1022.0,46,282,2.6,1.5,10124.9
51243,20221126182231,8.8,1004.0,20,57,3.9,0.6,10442.8
51288,20221126182231,19.7,1013.2,95,226,2.6,0.1,10045.0
51330,20221126182231,30.4,1010.0,90,115,11.4,0.6,10109.0
51334,20221126182231,10.3,1006.4,29,137,10.6,0.1,10057.2
51346,20221126182231,10.0,1009.8,34,150,11.3,0.4,10092.3
51358,20221126182231,6.8,1005.7,14,281,1.4,0.3,10439.4
51365,20221126182231,5.3,1018.4,14,148,10.5,1.0,10435.8
51367,20221126182231,34.2,1011.0,70,157,11.6,1.3,10234.1
51379,20221126182231,19.9,1018.0,27,279,3.8,1.5,10254.3
51431,20221126182231,28.3,1006.0,63,115,14.8,1.1,10202.9
51433,20221126182231,22.9,1011.0,69,217,0.9,1.3,10237.9
51437,20221126182231,33.1,1024.1,22,25,12.3,1.0,10305.1
51463,20221126182231,28.2,1011.7,54,355,11.7,1.5,10398.4
51467,20221126182231,2.1,1006.5,70,88,5.5,0.7,10466.8
51469,20221126182231,31.8,1024.1,84,222,4.3,0.8,10379.9
51470,20221126182231,27.9,1022.0,18,241,12.1,1.1,10043.6
51477,20221126182231,31.7,1022.5,66,77,7.7,0.6,10480.5
51495,20221126182231,27.6,1012.7,33,243,8.9,1.3,10084.5
51526,20221126182231,29.6,1023.4,79,92,14.2,0.6,10127.2
51542,20221126182231,8.4,1011.6,59,21,5.1,0.7,10223.7
51567,20221126182231,23.7,1008.8,74,311,5.6,1.1,10173.1
51573,20221126182231,31.9,1022.7,19,162,0.7,0.2,10138.1
51581,20221126182231,18.7,1021.0,2,15,13.9,0.7,10327.7
51628,20221126182231,7.1,1000.5,27,9,6.1,0.8,10258.4
51633,20221126182231,1.2,1025.7,78,240,8.2,0.6,10039.6
51639,20221126182231,15.6,1004.4,77,24,14.9,1.0,10237.9
51642,20221126182231,20.1,1011.8,96,244,10.3,0.8,10289.5
51644,20221126182231,33.5,1005.0,53,216,12.7,0.6,10039.3
51655,20221126182231,2.4,1003.5,9,16,2.9,1.3,10430.4
51656,20221126182231,30.1,1003.2,12,332,2.9,1.2,10490.2
51701,20221126182231,26.8,1024.6,87,26,8.5,0.5,10353.2
51704,20221126182231,22.1,1001.5,47,213,1.2,0.2,10416.1
51705,20221126182231,15.7,1009.1,7,260,9.8,0.6,10281.7
51709,20221126182231,34.3,1015.8,85,320,4.1,0.4,10036.2
51711,20221126182231,0.7,1007.0,73,300,7.6,0.6,10474.9
51716,20221126182231,8.9,1005.2,81,320,2.2,0.7,10422.0
51720,20221126182231,18.5,1012.2,95,315,11.0,0.8,10111.0
51730,20221126182231,19.9,1013.2,93,65,2.0,0.9,10024.3
51747,20221126182231,12.8,1016.4,75,333,11.9,1.5,10065.2
51765,20221126182231,4.0,1001.4,24,229,0.1,1.2,10340.3
51777,20221126182231,12.6,1010.0,47,131,11.4,0.4,10009.1
51804,20221126182231,30.3,1019.7,96,313,0.9,0.3,10091.4
51810,20221126182231,33.4,1006.3,2,255,9.9,0.3,10497.0
51811,20221126182231,10.8,1008.1,67,338,13.8,0.6,10156.6
51818,20221126182231,21.8,1001.5,41,237,3.5,0.6,10376.2
51828,20221126182231,6.6,1015.8,20,88,2.0,1.4,10339.0
51839,20221126182231,23.2,1012.1,86,224,7.6,1.0,10483.0
51855,20221126182231,29.6,1016.5,93,206,14.4,1.1,10487.0
51931,20221126182231,1.6,1024.3,44,225,0.3,1.1,10407.4
52101,20221126182231,19.8,1013.1,76,201,10.1,1.4,10005.3
52112,20221126182231,17.1,1001.3,85,196,11.9,0.9,10016.9
52118,20221126182231,0.0,1023.1,84,213,2.6,0.0,10124.0
52203,20221126182231,11.7,1019.4,89,16,14.2,1.2,10452.9
52313,20221126182231,7.4,1017.9,77,47,4.3,1.5,10242.4
56444,20221126182231,6.6,1006.0,3,318,1.3,1.4,10479.0
56533,20221126182231,15.4,1013.9,99,71,2.0,1.0,10035.8
56543,20221126182231,13.2,1015.2,30,283,0.3,1.3,10309.1
56548,20221126182231,15.1,1014.8,15,304,2.3,1.4,10350.7
56586,20221126182231,15.0,1008.1,64,142,9.8,0.2,10423.9
56643,20221126182231,5.8,1023.1,60,257,6.8,1.4,10327.8
56651,20221126182231,13.4,1015.1,38,149,11.0,0.6,10288.8
56664,20221126182231,21.2,1007.3,98,280,4.1,1.1,10100.7
56684,20221126182231,21.8,1019.2,88,24,10.5,0.6,10161.3
56739,20221126182231,32.0,1024.8,81,306,12.7,1.1,10432.3
56748,20221126182231,24.0,1012.8,49,275,9.9,0.9,10481.5
56751,20221126182231,27.2,1021.1,43,322,9.4,0.7,10403.7
56763,20221126182231,0.7,1011.9,87,64,6.1,0.9,10478.9
56768,20221126182231,6.8,1024.6,88,190,9.6,1.1,10199.5
56778,20221126182231,31.6,1014.1,57,178,1.4,0.0,10051.2
56786,20221126182231,2.2,1008.7,84,285,9.8,0.1,10286.2
56838,20221126182231,34.2,1011.3,35,311,7.2,1.3,10245.1
56856,20221126182231,17.6,1013.3,77,352,7.6,0.7,10304.9
56872,20221126182231,26.0,1023.0,17,216,4.8,1.2,10346.8
56875,20221126182231,16.2,1020.2,26,220,2.1,0.0,10008.7
56886,20221126182231,8.9,1003.5,11,303,0.3,0.4,10173.3
56946,20221126182231,8.2,1010.7,83,312,6.8,0.6,10135.3
56950,20221126182231,3.0,1017.0,93,317,1.2,0.0,10277.6
56951,20221126182231,5.4,1009.2,86,197,1.1,1.0,10269.5
56954,20221126182231,29.6,1017.5,68,113,0.7,0.5,10124.4
56959,20221126182231,9.5,1017.4,12,159,4.3,1.3,10005.5
56964,20221126182231,12.0,1024.5,21,338,13.0,0.0,10202.0
56966,20221126182231,10.7,1020.4,94,195,10.9,1.4,10490.4
56969,20221126182231,6.3,1015.5,43,295,6.2,0.5,10138.6
56977,20221126182231,15.6,1015.1,26,33,6.7,0.8,10213.4
56985,20221126182231,21.0,1013.8,29,124,14.0,0.8,10159.1
56986,20221126182231,12.6,1007.5,10,105,4.1,0.3,10109.3
56991,20221126182231,32.4,1018.0,6,181,12.8,0.7,10338.7
59007,20221126182231,1.3,1018.6,37,42,5.4,0.5,10108.4
58448,20221126182231,3.8,1023.3,73,5,3.6,1.2,10469.3
58450,20221126182231,28.8,1013.5,96,19,11.7,1.3,10277.9
58457,20221126182231,24.9,1010.2,38,301,9.9,0.7,10013.2
58464,20221126182231,28.1,1001.7,63,320,5.5,1.1,10163.5
58467,20221126182231,15.8,1010.4,82,304,1.8,0.1,10123.5
58472,20221126182231,10.6,1012.0,84,35,10.8,0.7,10334.6
58477,20221126182231,34.0,1009.8,3,166,10.2,1.2,10343.2
58543,20221126182231,21.9,1024.8,35,121,2.7,1.3,10180.7
58549,20221126182231,12.2,1002.3,88,64,11.2,0.8,10217.2
58553,20221126182231,4.4,1019.4,4,79,13.1,1.4,10478.6
58556,20221126182231,8.3,1026.2,13,217,5.7,1.0,10456.9
58557,20221126182231,2.4,1021.6,56,323,13.9,0.2,10262.6
58562,20221126182231,11.3,1021.9,50,152,3.7,0.8,10336.9
58569,20221126182231,33.0,1003.3,78,166,3.4,0.8,10268.7
58633,20221126182231,1.9,1002.9,4,307,13.6,1.5,10304.8
58646,20221126182231,6.9,1025.6,85,307,9.0,0.7,10439.9
58652,20221126182231,29.5,1020.1,19,28,12.2,0.7,10226.9
58665,20221126182231,7.2,1001.7,50,23,1.8,1.4,10294.0
58666,20221126182231,16.3,1011.9,27,180,7.8,0.1,10184.8
58667,20221126182231,28.7,1002.6,57,32,12.9,0.0,10389.9
58742,20221126182231,4.8,1024.9,95,171,1.5,0.5,10342.2
58752,20221126182231,3.9,1003.4,5,289,14.2,0.9,10126.4
58760,20221126182231,19.6,1004.6,14,294,9.2,1.5,10049.6
57348,20221126182231,1.4,1015.0,16,39,1.8,0.7,10021.5
57426,20221126182231,25.3,1000.6,76,299,5.0,0.6,10484.1
57432,20221126182231,17.4,1005.5,23,67,1.9,0.2,10480.7
57502,20221126182231,25.2,1000.3,74,223,1.6,1.1,10227.6
57512,20221126182231,15.7,1023.8,26,61,10.1,0.4,10073.3
57516,20221126182231,10.4,1016.5,25,229,3.3,0.7,10455.8
57517,20221126182231,10.2,1010.6,12,5,5.8,1.3,10047.1
57520,20221126182231,12.3,1024.3,22,283,4.6,0.3,10016.5
57523,20221126182231,27.7,1007.4,58,126,6.4,0.2,10123.1
57536,20221126182231,8.2,1009.6,81,7,14.3,1.2,10231.0
57612,20221126182231,7.2,1013.0,98,64,12.9,1.3,10057.9
57633,20221126182231,19.9,1003.4,83,257,11.0,0.3,10383.8
