Obtid,Time,TEMP,P,HUM,WDR,WS,R,VIZ
58015,20220918083749,16.6,1024.6,12,351,9.9,0.6,10353.6
58102,20220918083749,28.4,1014.8,94,32,13.6,0.5,10163.2
58118,20220918083749,8.7,1009.8,88,331,7.9,0.1,10431.3
58122,20220918083749,0.0,1001.1,49,140,10.9,1.3,10488.9
58203,20220918083749,32.9,1015.7,69,241,5.5,1.5,10398.0
58215,20220918083749,20.3,1015.2,4,127,13.5,1.2,10112.6
58221,20220918083749,3.0,1017.4,7,180,10.9,0.5,10126.5
58225,20220918083749,34.7,1024.4,13,104,12.5,0.8,10390.5
58236,20220918083749,10.3,1015.9,25,270,4.8,0.4,10137.7
58311,20220918083749,1.6,1022.4,10,309,13.3,1.2,10265.7
58314,20220918083749,15.9,1012.9,92,315,8.5,0.9,10431.8
58319,20220918083749,12.5,1004.3,83,165,8.2,0.2,10036.5
58321,20220918083749,3.0,1020.9,59,96,5.0,1.0,10394.0
58326,20220918083749,23.7,1016.5,63,125,5.1,1.5,10347.4
58336,20220918083749,23.8,1020.6,67,55,9.7,1.0,10334.1
58338,20220918083749,12.8,1020.7,2,188,5.0,0.7,10315.8
58414,20220918083749,17.4,1016.2,36,32,8.4,0.1,10014.6
58419,20220918083749,18.6,1022.5,87,37,5.2,0.5,10195.3
58424,20220918083749,20.3,1025.4,10,10,1.0,0.3,10029.4
58429,20220918083749,16.1,1015.5,53,341,9.3,1.3,10340.2
58436,20220918083749,29.9,1018.4,36,148,1.8,0.2,10180.9
58437,20220918083749,6.3,1008.0,61,79,14.1,1.0,10162.0
58520,20220918083749,8.9,1018.9,23,311,2.6,1.1,10186.7
58531,20220918083749,24.3,1024.6,91,106,4.6,0.6,10004.6
54406,20220918083749,9.4,1020.3,62,185,13.9,0.5,10157.2
54416,20220918083749,27.7,1011.9,86,42,8.7,1.3,10496.7
54511,20220918083749,13.6,1011.8,82,315,4.3,0.3,10457.5
58725,20220918083749,4.8,1003.7,72,127,14.8,0.6,10236.4
58730,20220918083749,15.0,1024.3,46,288,0.8,1.0,10217.1
58731,20220918083749,18.0,1005.2,39,177,12.9,0.7,10393.9
58734,20220918083749,15.0,1016.8,25,196,6.1,0.9,10056.0
58737,20220918083749,13.8,1000.5,3,157,14.9,0.5,10098.8
58744,20220918083749,4.3,1020.9,95,356,0.0,1.5,10254.3
58754,20220918083749,15.9,1017.0,10,50,0.7,1.1,10353.0
58818,20220918083749,4.3,1015.7,39,202,14.2,1.0,10188.4
58820,20220918083749,10.5,1008.9,75,44,12.9,0.8,10161.4
58834,20220918083749,24.1,1020.6,31,140,4.3,0.5,10039.8
58837,20220918083749,22.7,1021.6,65,305,11.6,0.9,10492.4
58843,20220918083749,4.1,1020.4,35,192,14.8,1.2,10171.6
58846,20220918083749,23.9,1015.9,18,246,0.5,0.7,10361.2
58847,20220918083749,9.9,1007.6,4,68,7.5,0.2,10311.5
58911,20220918083749,20.2,1013.1,30,303,2.9,0.5,10109.2
58918,20220918083749,13.7,1013.1,37,194,4.7,1.0,10435.2
58921,20220918083749,11.2,1012.0,6,126,13.1,1.5,10111.1
58926,20220918083749,5.6,1012.8,47,144,9.0,1.0,10359.0
58927,20220918083749,4.8,1020.8,93,185,10.1,1.3,10347.9
58931,20220918083749,4.1,1021.4,21,88,14.2,1.2,10013.0
58933,20220918083749,34.5,1022.6,42,295,7.8,1.0,10005.1
58936,20220918083749,34.4,1013.6,59,218,4.0,0.1,10414.6
58944,20220918083749,24.2,1011.9,19,137,9.9,0.3,10135.7
59113,20220918083749,20.7,1022.6,83,104,5.7,0.2,10498.2
59126,20220918083749,2.2,1014.1,20,179,4.4,0.0,10034.3
59133,20220918083749,1.1,1003.1,1,263,8.4,1.1,10078.9
59134,20220918083749,14.5,1019.3,9,178,7.9,1.1,10478.2
59321,20220918083749,4.0,1015.7,90,272,7.8,0.7,10080.0
52323,20220918083749,20.5,1004.6,34,207,3.9,1.3,10264.3
52418,20220918083749,6.8,1022.7,6,347,2.8,1.3,10173.8
52424,20220918083749,25.7,1002.8,77,49,13.6,0.9,10349.5
52436,20220918083749,16.1,1008.6,56,145,0.8,0.5,10196.3
52446,20220918083749,9.8,1017.6,99,274,14.2,0.3,10053.3
52447,20220918083749,23.0,1012.8,41,46,0.6,0.9,10196.6
52533,20220918083749,11.9,1017.7,17,131,2.5,0.8,10196.1
52546,20220918083749,22.0,1007.1,42,271,9.7,0.0,10132.6
52652,20220918083749,11.4,1007.8,59,312,1.0,1.2,10048.2
52661,20220918083749,12.9,1023.2,81,288,8.0,0.1,10149.3
52674,20220918083749,0.9,1020.7,33,165,7.9,1.2,10462.0
52679,20220918083749,6.3,1000.9,22,101,7.6,1.4,10078.9
52681,20220918083749,19.2,1018.1,82,91,0.6,0.8,10120.5
52787,20220918083749,29.5,1022.8,94,63,4.0,1.0,10286.6
52797,20220918083749,22.9,1010.9,70,11,12.3,0.5,10212.4
52884,20220918083749,29.3,1001.5,18,120,5.0,1.4,10284.9
52895,20220918083749,22.0,1025.8,86,95,1.6,1.5,10217.2
52983,20220918083749,23.2,1006.2,62,31,5.7,1.1,10075.4
52984,20220918083749,4.5,1008.1,30,301,13.2,1.0,10323.2
52986,20220918083749,1.2,1021.4,74,60,0.9,0.2,10218.8
52996,20220918083749,21.9,1020.5,6,131,3.5,0.3,10100.1
53821,20220918083749,33.9,1011.3,34,66,1.7,1.1,10027.5
53915,20220918083749,18.9,1010.2,84,36,8.5,0.4,10096.5
53923,20220918083749,23.9,1011.7,35,96,11.6,0.3,10203.8
56074,20220918083749,11.2,1015.4,62,79,2.9,0.3,10416.5
56080,20220918083749,22.8,1000.8,79,108,1.8,1.1,10188.2
56093,20220918083749,33.0,1014.5,16,213,1.4,1.4,10445.9
56096,20220918083749,33.3,1000.9,92,338,12.7,0.5,10180.6
57014,20220918083749,16.6,1024.9,85,15,13.3,0.1,10186.5
57996,20220918083749,30.8,1014.4,99,302,12.4,0.8,10036.0
59072,20220918083749,19.1,1009.6,50,251,0.4,0.0,10122.5
59082,20220918083749,24.9,1016.7,88,358,8.3,0.6,10189.7
59087,20220918083749,9.1,1003.6,36,258,4.0,0.3,10403.6
59088,20220918083749,29.5,1026.4,53,133,13.5,1.0,10151.3
59096,20220918083749,32.3,1007.0,30,334,12.2,0.6,10397.7
59097,20220918083749,14.1,1001.2,36,174,11.6,0.6,10183.5
59107,20220918083749,2.5,1019.9,6,162,11.0,0.8,10106.6
59116,20220918083749,29.6,1018.2,10,31,8.3,0.6,10096.2
59117,20220918083749,14.3,1003.7,52,230,4.3,1.2,10125.6
59271,20220918083749,12.7,1005.5,76,185,1.4,0.2,10302.1
59278,20220918083749,25.3,1023.1,57,231,9.0,0.9,10361.6
59280,20220918083749,9.4,1015.8,70,298,11.7,1.1,10360.3
59287,20220918083749,0.5,1020.8,18,201,0.5,1.2,10360.5
59289,20220918083749,19.9,1025.2,89,189,1.7,1.1,10342.2
59293,20220918083749,32.5,1007.2,59,333,1.3,1.0,10112.4
59294,20220918083749,26.1,1018.2,43,191,8.0,1.2,10219.4
59298,20220918083749,10.5,1023.0,63,0,3.8,0.7,10002.4
59303,20220918083749,26.9,1010.1,74,278,0.3,1.3,10145.4
59304,20220918083749,1.9,1012.9,35,36,5.6,0.8,10003.8
59306,20220918083749,6.8,1018.1,20,30,8.5,1.3,10083.7
59310,20220918083749,3.3,1006.7,15,235,2.4,0.8,10377.0
59316,20220918083749,25.4,1011.4,38,218,11.0,0.6,10196.0
59317,20220918083749,33.3,1009.1,76,260,10.5,1.3,10294.9
59324,20220918083749,18.0,1009.3,20,95,11.1,0.2,10040.2
59456,20220918083749,25.6,1015.3,11,54,3.3,0.0,10153.4
59462,20220918083749,31.5,1006.9,98,82,1.3,0.3,10408.6
59478,20220918083749,21.7,1013.4,89,191,12.5,1.5,10248.5
59485,20220918083749,11.7,1019.5,81,46,7.8,1.5,10407.2
59488,20220918083749,22.3,1014.1,4,198,14.5,0.5,10357.0
59493,20220918083749,0.1,1008.5,35,107,4.4,1.1,10459.9
59501,20220918083749,28.1,1001.8,42,255,1.8,1.3,10236.9
59658,20220918083749,32.7,1010.2,11,200,7.2,1.4,10448.3
59663,20220918083749,6.4,1005.9,12,294,8.7,1.4,10345.5
59664,20220918083749,22.9,1002.0,38,282,12.2,0.7,10020.1
59673,20220918083749,19.4,1026.0,60,358,7.5,1.3,10495.8
59754,20220918083749,11.5,1004.2,93,191,12.9,0.6,10386.6
57947,20220918083749,21.1,1004.4,2,238,14.3,0.8,10463.4
57957,20220918083749,26.3,1018.6,90,275,1.1,1.1,10128.4
57958,20220918083749,25.1,1018.7,32,13,0.7,1.5,10069.0
59021,20220918083749,8.9,1012.6,99,40,7.8,1.4,10022.5
59023,20220918083749,18.5,1013.7,95,295,9.6,1.1,10047.1
59027,20220918083749,5.7,1006.2,83,183,14.3,0.3,10243.0
59037,20220918083749,11.9,1003.7,21,91,5.7,1.1,10191.0
59046,20220918083749,19.4,1020.4,29,101,14.0,1.4,10236.5
59058,20220918083749,13.0,1005.1,54,43,6.8,1.2,10459.0
59065,20220918083749,32.1,1021.2,29,297,0.9,1.0,10108.1
59209,20220918083749,17.7,1024.8,24,260,8.8,1.1,10261.4
59211,20220918083749,13.1,1012.6,1,163,4.3,0.4,10272.5
59218,20220918083749,23.4,1025.2,48,236,7.8,1.2,10011.5
59228,20220918083749,7.5,1022.4,43,286,5.2,0.2,10331.9
59242,20220918083749,22.1,1021.2,8,10,11.7,1.0,10312.9
59254,20220918083749,30.2,1018.0,35,154,7.4,0.6,10427.8
59265,20220918083749,11.1,1005.9,84,172,12.3,0.6,10374.6
59417,20220918083749,32.8,1009.9,53,23,13.9,0.2,10403.2
59431,20220918083749,4.8,1005.1,45,78,4.8,0.4,10200.8
59446,20220918083749,29.3,1022.7,12,55,1.0,1.3,10054.6
59453,20220918083749,19.3,1024.1,49,133,14.7,1.5,10284.1
59626,20220918083749,29.2,1015.5,19,96,5.1,0.3,10009.9
59631,20220918083749,9.7,1018.7,50,125,3.6,1.0,10429.4
59632,20220918083749,17.1,1010.1,25,212,3.0,0.3,10020.6
59644,20220918083749,20.6,1020.2,11,48,11.5,1.4,10201.8
59647,20220918083749,8.6,1025.0,92,196,11.2,0.9,10193.1
56691,20220918083749,14.5,1025.4,45,196,0.2,0.2,10180.0
56693,20220918083749,31.1,1005.2,38,174,9.0,1.0,10034.9
56792,20220918083749,11.7,1001.6,60,295,13.4,0.5,10421.7
56793,20220918083749,23.1,1010.1,30,234,12.6,0.4,10374.3
57606,20220918083749,34.7,1023.3,68,123,6.8,1.5,10273.7
57614,20220918083749,32.3,1000.4,54,40,10.1,1.4,10338.0
57625,20220918083749,26.6,1012.8,66,94,11.0,0.8,10031.1
57647,20220918083749,28.0,1019.7,25,5,8.0,0.1,10272.5
57707,20220918083749,23.4,1023.7,15,338,1.1,0.9,10303.6
57710,20220918083749,26.6,1004.0,14,193,10.4,0.6,10292.2
57712,20220918083749,26.6,1008.6,52,127,11.9,0.9,10035.1
57718,20220918083749,11.6,1025.0,43,7,9.5,1.5,10070.0
57722,20220918083749,27.7,1024.9,38,224,5.4,1.1,10004.3
57729,20220918083749,21.8,1010.0,37,158,3.0,0.6,10265.5
57731,20220918083749,19.1,1012.8,69,32,8.1,1.5,10086.0
57741,20220918083749,4.3,1013.5,6,114,13.8,0.0,10211.8
57803,20220918083749,11.4,1006.4,88,40,4.5,1.2,10119.5
57805,20220918083749,12.9,1020.2,32,246,1.2,1.1,10457.2
57806,20220918083749,1.8,1012.4,20,19,4.0,0.3,10432.0
57816,20220918083749,33.2,1024.4,64,238,0.1,0.1,10046.2
57825,20220918083749,28.4,1018.1,80,326,4.2,0.2,10057.5
57827,20220918083749,9.7,1013.4,36,261,2.1,1.0,10423.6
57832,20220918083749,28.1,1015.8,77,180,5.9,1.1,10407.5
57839,20220918083749,11.5,1017.8,84,205,4.4,0.6,10193.2
57840,20220918083749,15.0,1014.9,21,147,9.0,1.5,10184.7
57902,20220918083749,2.5,1024.7,5,24,11.1,0.8,10463.5
57906,20220918083749,32.6,1025.5,25,263,14.8,0.8,10102.8
57907,20220918083749,27.7,1016.1,64,149,13.1,0.6,10175.9
57910,20220918083749,23.2,1010.1,43,130,6.6,0.2,10094.1
57912,20220918083749,26.4,1005.9,76,333,8.1,1.5,10081.3
57916,20220918083749,9.8,1003.1,35,152,8.2,1.0,10174.1
57922,20220918083749,31.4,1004.6,59,258,10.7,0.5,10079.3
57926,20220918083749,16.9,1001.1,87,255,11.8,0.0,10039.4
57932,20220918083749,21.8,1021.8,48,264,5.7,1.4,10423.0
59758,20220918083749,0.4,1019.3,55,75,7.5,0.4,10088.5
59838,20220918083749,32.5,1000.9,75,169,6.0,0.5,10331.5
59845,20220918083749,2.4,1023.0,81,299,8.4,1.4,10227.6
59849,20220918083749,13.4,1010.4,12,10,4.2,1.0,10353.8
59855,20220918083749,15.6,1003.7,73,79,3.6,1.0,10423.6
59948,20220918083749,14.1,1011.4,47,50,6.8,0.1,10294.0
59954,20220918083749,26.7,1022.5,40,129,12.2,1.1,10037.5
59981,20220918083749,6.8,1000.5,35,92,8.9,0.1,10420.7
53399,20220918083749,11.3,1021.1,90,42,3.8,0.1,10475.3
53593,20220918083749,33.2,1000.3,1,237,11.2,1.1,10064.1
53698,20220918083749,1.6,1021.7,68,112,3.2,1.0,10391.4
53798,20220918083749,15.8,1005.8,74,225,2.0,1.1,10157.7
54308,20220918083749,2.2,1017.5,33,52,6.3,1.3,10319.0
54311,20220918083749,29.9,1001.8,96,288,3.1,0.4,10229.8
54401,20220918083749,30.7,1019.0,26,188,11.9,0.8,10335.0
54405,20220918083749,2.0,1006.0,7,79,3.0,0.4,10022.3
54423,20220918083749,15.5,1010.4,3,121,4.6,0.2,10338.0
54429,20220918083749,4.9,1022.6,28,203,9.9,0.3,10492.6
54436,20220918083749,34.7,1020.8,61,258,2.0,0.5,10140.2
54449,20220918083749,34.9,1009.2,53,342,13.0,0.2,10027.1
54518,20220918083749,28.9,1013.0,27,353,3.2,1.2,10173.7
54534,20220918083749,19.6,1016.3,29,352,12.9,0.3,10390.1
54535,20220918083749,15.9,1014.2,51,200,0.7,1.4,10482.8
54539,20220918083749,9.6,1019.8,51,76,7.5,1.4,10070.3
54602,20220918083749,19.4,1023.7,13,178,10.5,0.6,10245.5
54606,20220918083749,2.7,1003.0,58,79,14.0,0.5,10326.6
54618,20220918083749,17.3,1023.7,19,159,13.1,0.8,10411.3
54624,20220918083749,21.1,1010.1,3,136,2.9,0.4,10086.5
54705,20220918083749,31.8,1002.1,44,286,2.1,0.7,10303.5
53898,20220918083749,12.7,1008.2,20,127,6.7,0.0,10286.4
53986,20220918083749,14.2,1013.1,99,108,11.3,0.0,10380.2
57051,20220918083749,11.9,1024.4,92,195,7.2,1.3,10085.8
57067,20220918083749,10.5,1001.0,90,151,5.8,0.8,10051.8
57071,20220918083749,20.0,1005.2,14,129,3.9,0.0,10445.6
57077,20220918083749,16.5,1017.6,64,28,12.7,1.3,10011.7
57083,20220918083749,13.6,1023.3,29,228,12.2,0.7,10230.9
57084,20220918083749,3.5,1010.4,81,129,7.1,1.3,10080.0
57089,20220918083749,29.4,1014.0,39,43,4.7,1.2,10014.5
57091,20220918083749,16.2,1009.9,50,336,14.7,1.2,10477.8
57156,20220918083749,14.5,1016.4,66,18,1.2,0.2,10139.6
57178,20220918083749,12.3,1012.9,84,291,9.0,1.1,10177.1
57181,20220918083749,10.7,1024.9,95,193,8.9,1.2,10292.1
57193,20220918083749,20.1,1016.1,29,246,7.3,0.5,10167.8
57285,20220918083749,28.6,1022.0,43,7,7.4,0.8,10022.9
57290,20220918083749,9.9,1010.1,25,94,2.7,1.5,10081.7
57297,20220918083749,19.0,1014.2,39,279,5.8,0.4,10301.6
58005,20220918083749,12.2,1012.7,81,179,5.5,0.5,10041.7
58111,20220918083749,21.8,1005.7,44,289,8.8,0.1,10297.5
58208,20220918083749,18.9,1010.0,14,151,5.1,1.0,10164.9
50136,20220918083749,20.8,1016.7,84,137,7.0,1.3,10392.1
50246,20220918083749,19.5,1020.1,54,342,12.5,0.5,10129.5
50247,20220918083749,3.6,1002.6,91,219,8.9,0.1,10215.6
50349,20220918083749,8.4,1015.1,9,271,6.6,1.3,10202.2
50353,20220918083749,17.0,1005.4,69,151,10.9,1.1,10497.7
50442,20220918083749,18.2,1016.0,29,51,8.3,0.9,10307.0
50468,20220918083749,9.5,1003.7,68,50,11.5,1.4,10096.6
50557,20220918083749,27.3,1014.3,14,103,1.6,0.5,10105.3
50564,20220918083749,16.1,1015.0,19,95,10.6,1.0,10340.5
50656,20220918083749,12.5,1001.2,7,296,6.9,0.6,10304.5
50658,20220918083749,15.9,1000.3,55,344,3.7,0.9,10414.1
50674,20220918083749,2.0,1003.6,9,87,12.7,0.9,10147.8
50739,20220918083749,14.0,1003.0,18,256,14.0,0.3,10101.7
50742,20220918083749,31.2,1024.1,38,312,2.0,0.3,10108.5
50745,20220918083749,8.0,1002.0,69,293,14.8,0.2,10238.1
50756,20220918083749,17.4,1011.4,16,329,12.7,1.5,10453.3
50758,20220918083749,18.8,1001.7,92,68,14.2,1.2,10117.4
50774,20220918083749,15.3,1015.3,61,78,12.6,0.1,10413.2
50778,20220918083749,24.5,1005.3,4,197,7.5,1.1,10159.5
50788,20220918083749,4.7,1005.1,92,122,14.2,1.4,10341.0
50844,20220918083749,11.6,1016.7,53,224,8.1,1.1,10354.2
50853,20220918083749,27.1,1003.0,1,145,10.5,1.2,10173.3
50854,20220918083749,34.3,1009.5,31,39,10.5,0.5,10328.8
50862,20220918083749,9.0,1022.3,3,155,10.4,0.5,10349.1
50873,20220918083749,25.3,1008.9,73,350,13.8,1.2,10330.4
50877,20220918083749,30.3,1007.6,71,232,12.9,0.2,10053.1
50888,20220918083749,6.6,1005.6,85,68,14.3,1.4,10450.9
50950,20220918083749,23.9,1002.6,21,338,1.0,1.4,10476.3
50953,20220918083749,11.2,1008.8,55,195,2.4,1.0,10003.8
50955,20220918083749,24.0,1013.3,32,291,12.6,0.9,10134.9
50963,20220918083749,27.6,1012.6,25,332,5.4,1.2,10112.7
50968,20220918083749,12.5,1024.2,64,175,7.8,0.3,10067.0
50973,20220918083749,14.8,1003.8,63,45,7.8,0.0,10289.9
50978,20220918083749,12.6,1010.0,58,256,0.0,0.0,10395.2
50983,20220918083749,5.2,1018.6,23,14,1.4,0.2,10047.0
54094,20220918083749,30.7,1020.3,91,70,8.5,0.5,10394.3
54096,20220918083749,30.2,1011.6,44,162,9.9,1.4,10419.5
57251,20220918083749,8.2,1006.6,32,143,12.3,0.0,10413.4
57256,20220918083749,19.5,1012.0,99,212,7.3,0.8,10147.8
57259,20220918083749,15.8,1007.0,69,141,12.8,1.4,10079.9
57265,20220918083749,25.9,1005.5,2,138,0.6,0.9,10448.3
57278,20220918083749,15.7,1009.0,45,176,13.1,0.3,10315.1
57279,20220918083749,21.0,1000.3,71,250,14.8,0.0,10273.4
57355,20220918083749,28.0,1020.0,25,204,1.0,1.2,10484.9
57358,20220918083749,12.5,1001.2,61,157,6.8,1.4,10386.6
57359,20220918083749,9.8,1010.4,20,74,1.4,1.5,10380.0
57363,20220918083749,22.1,1002.6,95,242,5.9,0.0,10083.3
57378,20220918083749,7.0,1018.3,20,233,12.5,0.4,10221.0
57381,20220918083749,32.0,1010.6,75,319,4.1,1.1,10175.7
57395,20220918083749,24.1,1016.4,76,355,0.8,0.6,10110.1
57399,20220918083749,27.2,1006.0,93,241,0.3,0.2,10256.6
57439,20220918083749,13.1,1017.7,62,163,8.5,0.4,10062.5
57445,20220918083749,32.3,1009.9,7,121,1.3,0.9,10094.2
57447,20220918083749,9.3,1007.3,21,125,11.9,1.5,10207.0
57458,20220918083749,32.5,1018.6,23,291,0.1,0.6,10087.1
57461,20220918083749,27.5,1007.9,49,28,10.6,0.1,10450.6
57476,20220918083749,29.5,1010.7,2,267,6.8,1.5,10162.5
57482,20220918083749,0.0,1018.0,93,307,11.0,0.8,10099.9
57483,20220918083749,21.7,1012.6,54,198,0.2,1.5,10053.7
57493,20220918083749,7.7,1023.8,35,172,9.7,1.4,10223.0
57494,20220918083749,19.4,1022.1,78,109,3.8,0.6,10032.8
57545,20220918083749,13.9,1018.2,69,300,13.0,0.8,10080.5
57573,20220918083749,5.2,1000.6,33,124,8.9,0.9,10160.9
57581,20220918083749,11.3,1009.4,45,260,0.7,1.0,10227.7
57583,20220918083749,25.8,1024.9,98,81,11.2,1.0,10373.4
57595,20220918083749,14.2,1009.9,20,219,9.4,1.2,10152.5
58402,20220918083749,23.7,1020.7,31,118,13.1,0.6,10256.2
58407,20220918083749,6.7,1001.4,78,304,1.5,0.9,10007.8
58500,20220918083749,7.7,1003.3,30,110,1.9,1.4,10352.9
57554,20220918083749,25.5,1002.5,8,154,11.1,1.4,10292.4
57562,20220918083749,4.0,1000.3,97,203,12.1,1.1,10066.5
57574,20220918083749,4.3,1004.6,49,216,9.3,0.1,10313.1
57584,20220918083749,18.6,1019.5,58,93,0.3,0.2,10073.8
57642,20220918083749,14.9,1002.7,12,357,12.2,0.2,10236.9
57649,20220918083749,16.7,1008.7,90,251,6.5,0.9,10235.9
57655,20220918083749,6.7,1020.6,29,182,6.0,1.3,10102.7
57662,20220918083749,9.3,1001.4,13,223,0.5,1.3,10368.6
57669,20220918083749,24.3,1001.0,17,255,7.7,0.3,10406.2
57671,20220918083749,3.7,1023.6,89,222,4.5,0.1,10098.0
57673,20220918083749,14.9,1021.6,49,341,13.3,0.0,10123.1
57679,20220918083749,15.8,1012.0,15,188,1.2,1.0,10281.2
57682,20220918083749,28.5,1008.5,13,339,6.2,0.0,10435.4
57687,20220918083749,14.2,1022.2,60,60,0.5,0.3,10000.0
57745,20220918083749,3.5,1008.6,49,131,9.3,1.2,10232.6
57749,20220918083749,26.0,1010.6,8,283,8.4,0.6,10151.0
57752,20220918083749,4.9,1002.9,39,307,5.6,0.2,10175.6
57758,20220918083749,31.6,1001.0,14,249,9.0,0.9,10030.0
57761,20220918083749,26.0,1010.9,73,296,0.1,0.4,10398.9
57766,20220918083749,27.8,1022.2,24,214,4.8,1.4,10372.9
57774,20220918083749,19.6,1020.8,25,92,1.3,1.0,10284.4
57776,20220918083749,30.0,1019.5,99,30,4.5,1.5,10289.2
57779,20220918083749,16.6,1021.8,50,13,11.3,0.5,10214.6
57780,20220918083749,7.6,1021.2,41,102,11.9,1.1,10095.9
57841,20220918083749,14.4,1015.2,90,44,0.6,0.5,10310.7
57845,20220918083749,27.8,1006.0,41,72,9.0,1.4,10023.4
57853,20220918083749,28.4,1004.6,35,225,14.0,1.1,10046.4
57857,20220918083749,31.4,1020.8,92,201,0.5,0.3,10404.8
57860,20220918083749,0.2,1019.8,24,335,4.8,0.0,10398.2
57866,20220918083749,20.7,1008.7,41,177,10.4,1.2,10135.6
57872,20220918083749,16.6,1008.8,5,277,6.9,1.4,10328.1
57874,20220918083749,6.3,1010.3,26,296,13.3,0.0,10002.4
57889,20220918083749,6.4,1013.2,25,156,10.2,1.1,10389.9
57965,20220918083749,18.3,1022.8,64,136,9.0,1.1,10400.9
57972,20220918083749,31.9,1002.8,56,134,0.3,1.1,10080.7
57974,20220918083749,25.9,1012.9,46,206,12.4,0.6,10083.9
50936,20220918083749,34.4,1010.1,45,109,14.3,0.8,10126.4
50945,20220918083749,20.4,1026.0,29,208,8.3,1.1,10398.6
50948,20220918083749,22.9,1025.6,91,53,3.1,0.5,10047.0
50949,20220918083749,25.1,1023.9,51,151,10.5,1.5,10289.0
54041,20220918083749,20.5,1006.0,56,358,1.1,0.3,10369.5
54049,20220918083749,34.7,1013.2,53,173,14.2,0.0,10271.8
54063,20220918083749,17.5,1024.6,59,143,12.4,0.8,10311.9
54064,20220918083749,12.7,1025.0,48,54,10.1,1.3,10143.6
54142,20220918083749,24.2,1003.5,7,105,6.5,1.4,10357.4
54157,20220918083749,25.1,1001.8,63,184,13.5,1.4,10296.1
54161,20220918083749,35.0,1008.3,92,157,7.4,0.1,10115.6
54165,20220918083749,10.4,1018.1,42,69,14.6,0.0,10353.7
54171,20220918083749,11.6,1015.3,62,25,3.5,0.3,10224.3
54181,20220918083749,8.3,1009.3,18,190,4.9,1.1,10486.0
54186,20220918083749,28.0,1005.5,56,206,14.3,1.4,10231.3
54195,20220918083749,34.2,1008.9,36,183,10.0,0.8,10204.6
54260,20220918083749,0.1,1019.2,88,297,10.7,0.8,10337.4
54263,20220918083749,27.4,1010.0,97,256,10.5,0.5,10276.9
54266,20220918083749,20.8,1004.4,45,1,3.9,0.7,10346.8
54273,20220918083749,0.1,1012.8,83,107,9.9,0.1,10347.0
54276,20220918083749,5.4,1004.1,63,100,11.5,0.5,10497.1
54284,20220918083749,15.6,1009.2,5,356,2.4,1.3,10204.1
54285,20220918083749,9.9,1022.1,43,344,6.1,1.4,10454.9
54286,20220918083749,33.7,1019.7,85,237,3.7,0.2,10473.0
54292,20220918083749,23.6,1017.0,27,119,3.3,0.0,10475.6
54363,20220918083749,24.7,1013.2,42,122,9.6,0.2,10098.3
54374,20220918083749,16.5,1012.9,55,309,1.7,1.2,10490.2
54377,20220918083749,17.4,1002.9,63,321,2.2,1.4,10275.7
54386,20220918083749,2.0,1021.3,16,76,0.4,0.1,10025.0
58026,20220918083749,32.0,1001.4,32,298,7.8,0.0,10335.5
58027,20220918083749,6.0,1014.2,4,234,7.1,0.5,10296.5
58038,20220918083749,0.2,1006.6,82,39,4.0,0.3,10097.3
58040,20220918083749,31.1,1003.6,72,24,6.4,0.6,10457.1
58047,20220918083749,6.9,1007.3,13,120,11.9,0.7,10285.8
58130,20220918083749,29.6,1002.7,63,221,9.0,0.9,10433.2
58135,20220918083749,31.2,1012.7,64,294,8.5,0.4,10454.0
58138,20220918083749,15.6,1024.3,27,322,4.1,0.5,10291.4
58141,20220918083749,33.5,1003.9,39,98,2.3,0.6,10410.4
58143,20220918083749,7.0,1013.0,41,302,1.3,1.1,10172.7
58150,20220918083749,7.1,1004.4,84,338,5.1,1.0,10382.6
58158,20220918083749,32.0,1008.1,100,306,13.9,1.3,10339.1
58238,20220918083749,18.1,1000.4,27,91,2.0,0.4,10021.3
58241,20220918083749,30.5,1002.2,61,230,1.4,1.2,10014.5
58251,20220918083749,30.3,1024.7,100,84,8.2,1.0,10250.3
58252,20220918083749,34.7,1010.2,81,36,12.8,1.5,10262.2
58255,20220918083749,25.7,1014.3,3,103,8.9,0.0,10333.8
58259,20220918083749,34.2,1017.9,64,287,11.3,0.7,10378.7
58265,20220918083749,32.3,1005.8,82,237,8.7,0.1,10465.1
58343,20220918083749,13.1,1011.0,98,279,5.0,0.9,10046.8
58345,20220918083749,13.0,1012.0,30,250,12.0,0.3,10164.3
58354,20220918083749,8.7,1011.1,48,42,10.5,0.3,10143.7
58356,20220918083749,5.8,1001.0,32,39,2.0,0.8,10234.7
58358,20220918083749,22.8,1019.2,3,321,6.3,1.5,10259.2
57598,20220918083749,30.9,1005.0,28,95,9.0,0.4,10146.5
57696,20220918083749,7.6,1024.4,100,233,5.2,0.7,10204.9
57789,20220918083749,10.8,1013.9,81,121,0.4,1.1,10049.1
57793,20220918083749,24.1,1005.1,41,125,7.3,0.3,10024.0
57799,20220918083749,4.1,1019.6,12,143,12.9,1.0,10098.9
57894,20220918083749,34.5,1021.7,98,32,3.8,0.4,10178.7
57896,20220918083749,2.0,1002.2,5,83,1.1,0.1,10112.9
57993,20220918083749,32.0,1008.8,69,93,7.6,0.0,10270.3
58506,20220918083749,16.6,1006.0,49,232,0.4,1.5,10484.4
58507,20220918083749,11.2,1006.5,100,284,4.7,0.8,10346.4
58519,20220918083749,23.6,1007.9,47,40,14.4,1.1,10100.0
58527,20220918083749,30.8,1001.0,72,95,3.8,0.3,10410.1
58600,20220918083749,27.2,1014.7,51,31,0.9,0.7,10266.6
58606,20220918083749,0.5,1011.5,12,198,11.0,0.6,10027.4
58608,20220918083749,12.8,1012.3,45,129,10.3,1.4,10441.4
58622,20220918083749,4.9,1005.3,18,184,8.3,1.2,10179.8
58626,20220918083749,9.3,1019.7,1,183,8.6,1.1,10157.9
58634,20220918083749,29.6,1004.2,78,273,11.4,0.5,10421.3
58637,20220918083749,9.9,1022.8,19,74,1.2,1.0,10177.8
58705,20220918083749,30.1,1007.8,66,24,9.8,0.2,10472.1
58715,20220918083749,27.8,1018.9,53,198,10.6,1.3,10410.7
58718,20220918083749,2.1,1008.8,16,190,1.2,0.0,10166.6
58806,20220918083749,0.3,1001.5,19,291,13.9,0.1,10184.0
58813,20220918083749,7.3,1016.1,22,48,0.6,1.4,10238.9
59092,20220918083749,19.2,1024.2,5,279,9.7,0.1,10288.9
59102,20220918083749,7.7,1023.9,51,88,12.2,1.3,10365.0
54236,20220918083749,19.4,1014.6,94,170,4.7,0.3,10123.1
54237,20220918083749,1.0,1018.0,53,119,5.2,0.5,10492.9
54243,20220918083749,2.2,1002.9,96,275,8.6,0.7,10018.2
54254,20220918083749,31.2,1011.8,4,289,7.2,0.1,10382.4
54259,20220918083749,27.9,1005.5,28,140,13.4,0.4,10062.7
54324,20220918083749,5.2,1009.3,58,51,13.4,0.9,10190.1
54326,20220918083749,4.8,1016.4,22,176,14.8,0.8,10020.0
54333,20220918083749,1.3,1011.7,19,170,7.8,0.6,10085.8
54334,20220918083749,1.3,1008.9,49,59,5.0,1.1,10497.3
54335,20220918083749,5.9,1025.2,75,57,8.1,0.3,10046.2
54337,20220918083749,19.7,1014.0,51,63,2.5,0.7,10289.1
54339,20220918083749,24.9,1002.1,64,100,10.8,0.2,10078.8
54342,20220918083749,7.3,1005.3,43,141,3.7,0.7,10134.1
54346,20220918083749,16.3,1008.8,24,15,1.6,1.4,10180.4
54349,20220918083749,2.6,1017.6,85,124,7.4,0.2,10493.1
54351,20220918083749,32.5,1015.4,19,286,5.0,0.6,10313.6
54353,20220918083749,16.9,1010.8,23,141,12.6,0.4,10134.7
54365,20220918083749,26.9,1004.9,87,325,3.0,1.0,10468.7
54452,20220918083749,8.6,1008.2,78,337,4.5,0.1,10245.7
54454,20220918083749,9.3,1018.8,33,112,10.7,1.0,10321.1
54455,20220918083749,10.8,1017.1,91,293,0.6,1.2,10043.7
54470,20220918083749,9.6,1002.5,70,40,4.2,1.5,10222.2
54471,20220918083749,26.5,1000.4,38,34,8.3,1.4,10375.3
54472,20220918083749,27.3,1023.6,37,202,12.4,0.8,10120.3
54476,20220918083749,30.7,1018.2,27,215,11.1,1.2,10223.9
54486,20220918083749,2.5,1023.2,44,84,1.4,1.2,10337.0
54493,20220918083749,24.0,1000.9,10,134,14.1,0.2,10192.9
54497,20220918083749,22.1,1019.1,32,105,8.9,0.3,10165.8
54563,20220918083749,19.0,1000.6,36,38,11.6,0.1,10405.3
54579,20220918083749,5.3,1023.8,15,276,11.7,0.1,10146.4
54584,20220918083749,20.6,1006.8,57,202,14.5,0.5,10367.5
54660,20220918083749,6.4,1018.4,38,292,7.5,0.4,10372.0
54662,20220918083749,31.2,1008.0,31,151,3.1,0.1,10249.7
50425,20220918083749,5.1,1015.5,28,66,1.3,0.6,10299.0
50434,20220918083749,34.6,1017.3,28,73,12.9,1.2,10025.1
50514,20220918083749,32.8,1008.4,85,12,1.3,1.3,10386.0
50527,20220918083749,25.7,1016.8,47,236,3.3,0.0,10109.6
50548,20220918083749,27.9,1001.8,22,166,12.3,0.4,10319.1
50603,20220918083749,6.2,1021.2,69,318,9.8,1.5,10096.6
50618,20220918083749,9.5,1022.6,92,133,3.3,1.5,10000.5
50632,20220918083749,26.9,1019.0,94,329,4.4,0.8,10053.6
50639,20220918083749,16.2,1009.0,38,36,11.4,0.2,10079.1
50727,20220918083749,31.0,1022.5,9,328,10.3,0.4,10455.8
50834,20220918083749,16.3,1015.0,31,202,5.7,1.0,10436.4
50838,20220918083749,13.6,1014.4,5,90,5.0,0.1,10287.1
50915,20220918083749,14.6,1015.1,82,155,1.2,0.2,10239.7
50924,20220918083749,13.3,1020.0,88,137,9.0,0.7,10062.1
52267,20220918083749,27.5,1010.5,45,78,10.0,1.4,10276.1
52495,20220918083749,27.8,1019.5,68,81,0.2,0.7,10367.4
52576,20220918083749,2.3,1002.1,76,340,6.2,0.8,10353.7
53068,20220918083749,20.1,1018.8,100,64,10.8,1.0,10012.1
53083,20220918083749,27.5,1023.5,20,316,6.0,0.3,10252.0
53149,20220918083749,24.5,1002.2,80,152,14.4,0.3,10198.1
53192,20220918083749,29.6,1015.8,71,220,9.1,0.5,10476.4
53195,20220918083749,14.5,1024.1,81,130,8.4,1.5,10465.7
53276,20220918083749,28.0,1023.0,10,256,0.7,0.8,10131.0
53336,20220918083749,28.1,1015.6,92,11,13.8,0.3,10466.6
53352,20220918083749,1.8,1011.3,82,61,13.8,1.1,10083.1
53362,20220918083749,26.9,1006.4,87,106,0.7,0.2,10314.3
53367,20220918083749,12.4,1007.4,56,6,12.1,0.4,10219.7
53391,20220918083749,26.4,1017.2,28,39,4.3,1.0,10186.5
53446,20220918083749,11.2,1025.9,86,335,10.9,1.1,10128.4
53463,20220918083749,23.7,1011.5,31,200,7.1,0.8,10438.9
53480,20220918083749,20.4,1026.4,35,230,13.5,0.6,10279.2
53502,20220918083749,12.8,1015.6,92,86,10.3,1.4,10496.8
53513,20220918083749,28.5,1013.3,68,199,8.0,1.2,10160.9
53529,20220918083749,17.7,1011.3,44,189,4.4,0.9,10399.9
53543,20220918083749,18.8,1009.1,40,276,7.5,1.4,10174.2
53547,20220918083749,3.2,1012.1,75,70,2.4,0.1,10288.7
53602,20220918083749,27.9,1005.2,46,78,12.6,0.8,10104.4
54012,20220918083749,16.4,1009.0,58,87,4.4,0.0,10101.9
54026,20220918083749,17.3,1001.9,63,127,6.5,0.2,10331.1
54027,20220918083749,15.4,1024.8,22,6,14.6,1.2,10041.6
54102,20220918083749,14.0,1006.5,37,192,0.3,0.1,10083.6
54115,20220918083749,12.4,1005.4,94,259,1.9,0.2,10485.6
54134,20220918083749,11.5,1013.2,28,315,2.6,1.0,10435.0
54135,20220918083749,26.7,1006.4,71,239,7.4,0.4,10401.3
54208,20220918083749,31.3,1009.9,74,82,0.9,0.1,10363.3
54213,20220918083749,13.3,1003.6,31,327,4.5,0.7,10028.3
54218,20220918083749,14.5,1015.2,26,322,7.9,1.2,10327.1
54226,20220918083749,8.0,1008.6,5,32,4.2,0.7,10166.3
53519,20220918083749,11.6,1020.4,89,238,6.3,0.5,10199.9
53612,20220918083749,29.8,1017.1,81,331,12.2,0.6,10306.4
53614,20220918083749,6.6,1012.0,78,155,6.4,0.2,10215.7
53615,20220918083749,2.9,1017.3,8,1,10.7,1.1,10308.5
53704,20220918083749,11.9,1000.1,49,198,5.7,0.4,10288.4
53705,20220918083749,9.7,1012.6,90,169,12.9,0.1,10041.6
53723,20220918083749,11.4,1017.6,31,162,11.8,1.1,10312.1
53806,20220918083749,1.7,1011.8,28,108,2.2,0.6,10415.9
53810,20220918083749,10.2,1024.6,88,120,8.4,0.7,10083.4
53817,20220918083749,8.0,1005.1,56,186,2.9,0.8,10180.4
53903,20220918083749,32.7,1016.1,8,124,14.9,0.6,10359.0
53910,20220918083749,26.3,1020.4,98,352,11.3,0.0,10130.3
51886,20220918083749,0.3,1023.6,63,76,0.9,0.1,10304.3
52602,20220918083749,34.0,1017.8,96,159,6.4,0.6,10389.8
52633,20220918083749,32.5,1003.8,74,335,11.6,0.5,10485.4
52645,20220918083749,2.7,1001.6,59,128,7.0,1.5,10164.2
52657,20220918083749,4.6,1012.9,26,182,14.7,1.5,10001.5
52707,20220918083749,7.6,1019.8,88,173,7.6,1.0,10445.3
52713,20220918083749,23.5,1023.3,4,47,13.6,1.2,10254.9
52737,20220918083749,21.5,1010.4,14,233,8.2,0.4,10459.8
52754,20220918083749,4.9,1016.6,6,140,6.7,1.4,10026.6
52765,20220918083749,2.9,1018.4,54,114,10.9,0.4,10177.1
52818,20220918083749,16.2,1026.1,26,251,6.4,1.2,10211.0
52825,20220918083749,15.4,1010.8,65,340,6.8,0.1,10426.4
52833,20220918083749,34.3,1001.8,99,167,8.7,0.7,10384.3
52836,20220918083749,21.1,1003.8,16,23,0.9,1.2,10078.8
52842,20220918083749,29.3,1024.6,30,327,13.9,1.4,10313.4
52856,20220918083749,3.4,1024.1,9,51,4.5,0.4,10026.5
52866,20220918083749,17.1,1012.1,57,307,0.7,1.0,10305.8
52868,20220918083749,16.3,1003.3,28,120,5.1,0.6,10345.2
52876,20220918083749,6.4,1000.0,74,292,2.3,0.2,10101.2
52908,20220918083749,30.2,1002.4,78,201,4.7,0.1,10484.3
52943,20220918083749,4.1,1003.9,56,347,6.2,1.5,10327.1
52955,20220918083749,12.9,1013.1,3,65,13.4,0.9,10214.3
52974,20220918083749,4.9,1002.6,94,21,13.3,1.0,10069.4
56004,20220918083749,18.5,1023.6,25,64,3.2,0.9,10344.0
56018,20220918083749,8.8,1006.5,34,344,4.9,0.0,10352.0
56021,20220918083749,19.9,1011.3,59,23,7.6,0.4,10323.0
56029,20220918083749,2.2,1014.6,71,132,1.4,0.4,10349.2
56033,20220918083749,14.8,1025.2,39,259,5.5,0.6,10018.0
56034,20220918083749,5.2,1006.7,85,339,0.7,0.9,10388.8
56043,20220918083749,11.6,1010.2,27,10,1.2,0.1,10410.8
56046,20220918083749,27.7,1011.4,58,290,9.3,1.2,10224.1
56065,20220918083749,17.6,1011.4,9,277,2.8,0.3,10421.7
56067,20220918083749,30.3,1011.8,52,283,3.1,1.5,10296.6
56125,20220918083749,17.6,1000.4,90,147,11.1,0.0,10478.1
56151,20220918083749,14.4,1013.2,27,113,10.6,0.7,10132.8
54715,20220918083749,25.9,1013.3,20,209,5.9,1.1,10144.3
54725,20220918083749,19.9,1026.3,36,284,14.2,0.2,10421.9
54727,20220918083749,14.4,1016.6,95,75,8.2,0.7,10147.0
54744,20220918083749,5.9,1007.5,84,309,11.2,0.9,10493.8
54751,20220918083749,8.5,1003.0,100,72,6.0,1.4,10166.1
54753,20220918083749,7.8,1016.4,1,50,12.8,1.5,10265.0
54764,20220918083749,19.9,1011.0,34,217,10.3,1.1,10054.2
54774,20220918083749,32.4,1016.7,28,282,12.2,1.4,10471.4
54776,20220918083749,11.9,1008.2,39,258,6.9,0.9,10103.0
54808,20220918083749,25.5,1001.4,17,189,5.9,0.4,10008.6
54823,20220918083749,16.1,1003.5,46,81,8.0,1.1,10386.0
54826,20220918083749,15.5,1019.0,75,182,12.7,0.1,10349.8
54836,20220918083749,7.4,1022.1,60,191,8.8,1.4,10195.8
54842,20220918083749,31.3,1020.7,84,278,14.7,1.5,10341.4
54843,20220918083749,19.5,1025.7,100,257,12.2,0.9,10401.6
54857,20220918083749,30.0,1001.6,21,131,3.8,1.0,10045.1
54863,20220918083749,21.2,1015.3,22,160,11.6,0.8,10337.8
54909,20220918083749,26.5,1025.0,13,173,2.0,1.1,10058.0
54916,20220918083749,5.3,1024.7,92,237,6.4,1.1,10402.8
54929,20220918083749,4.0,1024.3,85,104,6.4,0.4,10427.6
54936,20220918083749,10.3,1009.3,1,342,9.8,0.5,10198.5
54945,20220918083749,21.1,1009.3,58,170,8.4,0.5,10022.4
58034,20220918083749,13.4,1023.9,40,23,1.6,1.0,10368.0
53478,20220918083749,19.8,1012.0,27,191,6.3,1.0,10383.5
53487,20220918083749,4.1,1010.4,51,244,6.4,1.4,10065.3
53490,20220918083749,3.2,1002.8,54,61,2.7,0.6,10488.2
53564,20220918083749,13.9,1013.4,40,199,5.5,1.0,10117.0
53578,20220918083749,33.8,1017.8,95,75,8.8,0.4,10291.0
53579,20220918083749,20.9,1026.2,95,293,14.8,0.5,10411.1
53588,20220918083749,19.1,1009.9,29,239,2.5,1.3,10085.9
53594,20220918083749,35.0,1019.0,66,237,3.1,1.2,10293.8
53663,20220918083749,33.8,1023.2,31,269,5.0,1.2,10122.1
53664,20220918083749,2.2,1024.3,45,274,13.0,1.4,10080.8
53673,20220918083749,19.4,1009.0,98,122,13.7,1.3,10263.6
53687,20220918083749,15.6,1020.3,36,326,10.6,0.4,10306.6
53764,20220918083749,20.6,1004.6,72,194,4.3,0.1,10199.9
53772,20220918083749,32.7,1023.1,1,314,2.9,0.4,10324.9
53775,20220918083749,18.0,1020.0,9,309,7.2,1.4,10039.9
53787,20220918083749,33.5,1014.3,6,131,14.4,0.8,10060.2
53853,20220918083749,3.1,1024.2,25,289,9.9,1.1,10324.0
53859,20220918083749,27.4,1023.7,100,168,8.3,0.3,10192.5
53863,20220918083749,20.5,1013.6,3,113,8.1,1.1,10018.0
53868,20220918083749,12.6,1012.1,99,55,0.4,0.7,10484.9
53877,20220918083749,9.2,1005.6,29,22,14.0,0.0,10075.0
53882,20220918083749,13.7,1020.5,8,142,0.2,0.6,10243.4
53884,20220918083749,1.8,1012.8,45,160,5.4,1.4,10150.2
53959,20220918083749,1.0,1022.8,41,62,13.4,1.4,10342.6
53963,20220918083749,20.9,1000.4,97,121,9.2,0.4,10423.1
53968,20220918083749,16.0,1003.8,89,172,13.0,1.1,10192.9
53975,20220918083749,25.1,1019.9,29,323,1.4,0.8,10328.3
57052,20220918083749,31.5,1022.2,2,307,8.6,1.4,10150.6
53646,20220918083749,5.0,1022.0,60,313,12.6,1.5,10451.3
53651,20220918083749,20.0,1003.1,4,323,6.1,1.1,10132.4
53725,20220918083749,2.7,1023.5,34,249,4.6,0.1,10127.1
53735,20220918083749,0.6,1014.7,28,330,11.1,1.3,10062.3
53738,20220918083749,27.3,1007.8,92,162,10.5,1.4,10315.1
53740,20220918083749,24.7,1021.7,95,202,8.8,0.1,10444.3
53754,20220918083749,24.6,1016.5,33,183,3.3,0.5,10245.8
53845,20220918083749,22.3,1006.0,77,192,11.7,1.2,10156.9
53854,20220918083749,6.2,1009.7,65,110,11.2,0.7,10102.0
53929,20220918083749,27.5,1015.5,93,261,11.2,0.2,10441.0
53942,20220918083749,16.2,1020.4,14,273,7.6,1.0,10353.9
53948,20220918083749,32.6,1008.5,74,271,14.8,0.6,10115.3
53955,20220918083749,15.2,1002.8,58,268,14.7,0.1,10402.7
57003,20220918083749,19.7,1002.3,84,130,13.5,1.5,10123.3
57025,20220918083749,4.6,1004.4,41,161,10.0,1.3,10272.1
57028,20220918083749,12.8,1003.8,5,210,2.1,1.3,10069.7
57030,20220918083749,7.3,1010.6,17,306,9.1,0.9,10392.3
57034,20220918083749,29.0,1015.1,67,271,12.9,1.3,10066.9
57037,20220918083749,23.2,1018.4,19,24,9.3,0.2,10495.3
57046,20220918083749,23.5,1011.5,74,91,11.9,0.1,10482.9
57048,20220918083749,25.7,1025.3,95,211,9.2,0.6,10123.1
57049,20220918083749,28.8,1010.5,85,264,14.1,1.4,10124.0
57106,20220918083749,7.9,1002.4,10,39,3.5,1.1,10477.1
57124,20220918083749,8.7,1022.4,23,5,0.5,1.5,10121.6
57127,20220918083749,7.4,1007.1,63,338,13.6,1.2,10146.4
57131,20220918083749,7.8,1007.1,27,104,11.3,1.5,10498.2
57134,20220918083749,1.2,1022.0,16,28,2.1,0.9,10326.4
57140,20220918083749,34.8,1017.1,77,138,4.6,1.4,10479.9
57143,20220918083749,12.6,1010.2,13,227,7.5,1.4,10111.5
57144,20220918083749,3.4,1017.7,27,12,10.5,1.2,10232.1
57154,20220918083749,5.0,1026.2,97,134,3.5,1.1,10192.8
57211,20220918083749,23.0,1014.8,76,165,4.5,0.3,10248.5
57232,20220918083749,12.5,1024.6,20,314,10.0,0.7,10235.7
57238,20220918083749,3.1,1014.7,71,326,3.9,0.4,10381.3
57245,20220918083749,19.7,1001.7,87,85,2.0,1.0,10388.1
57343,20220918083749,20.6,1003.6,100,103,3.6,1.4,10061.4
58362,20220918083749,27.4,1004.9,89,246,3.2,0.3,10056.4
56038,20220918083749,22.8,1006.0,46,187,9.9,0.7,10266.2
56079,20220918083749,28.6,1018.0,77,267,6.8,1.0,10437.1
56144,20220918083749,17.3,1001.9,98,37,14.7,1.2,10289.8
56146,20220918083749,6.0,1004.4,46,137,5.3,1.3,10351.6
56152,20220918083749,3.2,1023.7,69,269,13.4,0.5,10154.5
56167,20220918083749,22.7,1007.8,74,63,0.0,1.3,10326.9
56172,20220918083749,19.2,1006.1,69,140,1.7,0.1,10463.0
56173,20220918083749,11.9,1007.5,75,69,14.1,1.5,10497.4
56178,20220918083749,6.0,1012.4,15,263,14.8,1.4,10027.1
56182,20220918083749,25.2,1009.4,81,335,8.2,1.3,10363.3
56187,20220918083749,8.9,1025.2,54,173,7.3,0.5,10172.5
56188,20220918083749,16.6,1006.5,28,328,5.7,0.1,10171.2
56196,20220918083749,19.5,1015.7,29,84,2.8,1.0,10377.9
56247,20220918083749,19.7,1002.3,32,278,7.9,1.1,10368.9
56251,20220918083749,18.0,1004.4,17,357,12.6,1.3,10222.9
56257,20220918083749,22.1,1007.0,21,63,13.7,0.0,10220.4
56287,20220918083749,18.3,1003.1,13,295,2.4,0.0,10309.2
56357,20220918083749,30.2,1025.6,20,311,1.6,0.7,10399.8
56374,20220918083749,24.3,1006.6,68,250,8.5,0.7,10070.7
56385,20220918083749,24.5,1026.3,62,214,0.5,1.4,10054.8
56386,20220918083749,18.6,1019.2,13,270,13.3,0.1,10407.5
56459,20220918083749,4.1,1017.7,78,216,5.6,0.9,10169.1
56462,20220918083749,29.1,1012.0,41,100,6.6,1.5,10479.4
56475,20220918083749,15.3,1025.4,42,317,0.5,0.7,10447.2
56479,20220918083749,17.6,1017.4,94,227,12.3,1.4,10191.9
56485,20220918083749,13.1,1011.1,36,180,0.0,0.0,10414.6
56492,20220918083749,4.7,1013.6,36,211,6.3,0.7,10194.7
56565,20220918083749,35.0,1000.5,87,26,13.1,0.3,10021.8
56571,20220918083749,15.5,1000.6,40,251,7.7,1.3,10201.1
56666,20220918083749,2.6,1011.6,9,21,2.2,0.7,10253.5
56671,20220918083749,22.7,1014.7,70,311,2.1,0.8,10029.8
57206,20220918083749,13.8,1018.1,18,326,6.6,0.7,10081.4
57237,20220918083749,24.7,1019.2,61,348,2.3,0.3,10344.0
57306,20220918083749,24.8,1018.9,99,263,12.5,0.6,10193.1
57313,20220918083749,6.1,1019.1,98,64,11.0,0.2,10209.8
57314,20220918083749,0.5,1017.7,22,216,10.4,0.2,10355.7
57328,20220918083749,26.7,1014.1,88,172,13.5,1.5,10266.4
57405,20220918083749,28.4,1005.3,53,71,13.3,1.4,10305.6
57411,20220918083749,6.9,1021.8,32,68,6.1,0.9,10030.6
57503,20220918083749,14.2,1016.9,92,3,7.4,0.4,10295.3
57604,20220918083749,28.4,1012.9,55,144,10.2,0.9,10001.1
57608,20220918083749,19.5,1017.7,91,336,4.2,1.4,10248.3
54525,20220918083749,17.2,1019.7,75,276,5.7,1.0,10325.4
54527,20220918083749,26.9,1006.4,29,193,8.8,1.5,10207.2
54623,20220918083749,6.1,1010.8,21,84,8.9,0.2,10057.1
55228,20220918083749,28.2,1004.4,79,279,11.3,0.0,10400.5
55248,20220918083749,11.0,1010.1,36,83,11.3,0.5,10081.5
55279,20220918083749,31.3,1011.7,16,312,10.6,1.1,10123.5
55294,20220918083749,4.0,1022.1,86,101,10.1,1.3,10372.3
55299,20220918083749,19.0,1003.8,8,112,10.4,0.9,10401.6
55437,20220918083749,21.4,1001.7,40,35,2.5,1.4,10133.6
55472,20220918083749,24.7,1023.6,30,272,0.3,0.4,10173.7
55493,20220918083749,11.0,1020.6,46,87,0.7,0.6,10012.0
55569,20220918083749,32.5,1019.3,27,20,7.1,0.5,10214.0
55578,20220918083749,29.9,1022.7,98,115,3.1,1.2,10136.8
55585,20220918083749,24.3,1017.8,81,218,4.9,0.9,10111.5
55591,20220918083749,29.9,1017.5,19,184,4.8,1.1,10275.9
55598,20220918083749,4.3,1022.0,45,35,8.5,0.2,10066.9
55655,20220918083749,16.6,1002.5,54,175,8.2,0.2,10230.4
55664,20220918083749,32.2,1015.5,6,5,10.3,0.5,10171.2
55680,20220918083749,25.2,1017.7,38,219,10.4,0.3,10285.5
55681,20220918083749,33.4,1006.5,100,350,1.7,1.5,10272.1
55690,20220918083749,17.8,1009.4,99,342,2.9,0.7,10301.3
55696,20220918083749,7.1,1003.3,32,150,4.3,0.0,10482.7
55773,20220918083749,18.1,1002.9,83,73,2.3,1.1,10138.5
56106,20220918083749,5.0,1013.1,41,114,9.8,1.1,10393.7
56116,20220918083749,27.4,1006.1,76,0,10.7,0.5,10204.9
56137,20220918083749,9.8,1004.6,32,61,13.1,1.1,10116.9
56202,20220918083749,7.0,1018.9,91,125,12.5,0.8,10139.7
56223,20220918083749,25.9,1023.5,96,328,12.1,0.3,10076.9
56227,20220918083749,32.8,1007.3,60,296,6.6,1.4,10112.3
56312,20220918083749,30.3,1010.8,92,273,8.9,1.1,10095.8
56331,20220918083749,23.6,1011.8,98,289,8.9,1.5,10495.1
56434,20220918083749,1.4,1002.8,58,273,0.8,0.1,10410.6
51053,20220918083749,29.5,1000.2,9,272,12.3,1.5,10329.6
51059,20220918083749,5.5,1010.1,50,295,6.9,0.1,10031.3
51060,20220918083749,21.4,1021.6,95,205,10.4,0.7,10155.9
51068,20220918083749,33.5,1008.2,62,70,9.7,1.0,10213.6
51076,20220918083749,21.1,1012.0,70,90,2.0,0.5,10040.8
51087,20220918083749,23.9,1019.2,36,294,10.5,0.4,10001.8
51133,20220918083749,19.9,1002.4,83,69,14.7,1.3,10492.8
51156,20220918083749,16.8,1024.0,62,279,5.5,0.6,10233.0
51186,20220918083749,31.2,1005.0,38,272,2.2,1.5,10348.3
51232,20220918083749,2.7,1022.9,50,327,8.3,0.8,10012.2
51238,20220918083749,21.0,1021.2,77,257,5.4,0.2,10291.5
51241,20220918083749,21.4,1003.2,34,39,11.0,0.3,10199.5
51243,20220918083749,31.0,1001.9,72,271,6.4,0.9,10147.4
51288,20220918083749,5.1,1023.1,91,211,10.2,0.7,10075.0
51330,20220918083749,34.9,1019.5,46,298,9.9,1.3,10429.3
51334,20220918083749,13.8,1024.1,55,9,12.1,1.1,10483.3
51346,20220918083749,6.4,1022.7,79,50,10.2,0.1,10415.0
51358,20220918083749,29.5,1016.8,10,65,2.4,1.1,10484.4
51365,20220918083749,29.3,1010.0,61,237,6.5,0.1,10235.0
51367,20220918083749,11.3,1007.3,44,250,6.1,0.5,10141.7
51379,20220918083749,3.0,1015.4,48,247,6.7,0.9,10196.0
51431,20220918083749,1.1,1009.1,44,169,13.5,1.2,10304.9
51433,20220918083749,26.8,1020.3,37,30,14.5,0.0,10295.3
51437,20220918083749,17.7,1006.3,56,126,13.1,1.4,10364.0
51463,20220918083749,22.9,1008.5,28,89,8.1,1.4,10019.3
51467,20220918083749,30.5,1013.1,71,1,7.8,0.5,10392.1
51469,20220918083749,13.8,1005.4,59,206,12.4,0.6,10236.5
51470,20220918083749,6.8,1020.7,29,171,4.5,0.3,10215.7
51477,20220918083749,34.5,1024.3,7,194,8.0,1.3,10152.0
51495,20220918083749,2.4,1005.8,5,354,6.1,1.4,10433.1
51526,20220918083749,9.4,1025.4,48,284,11.0,1.3,10278.7
51542,20220918083749,34.8,1019.6,53,173,9.3,0.0,10110.3
51567,20220918083749,6.4,1022.1,94,238,4.9,1.1,10310.5
51573,20220918083749,7.7,1012.3,49,306,4.3,0.8,10458.7
51581,20220918083749,28.1,1016.0,97,86,12.1,0.7,10244.7
51628,20220918083749,0.0,1014.2,86,105,0.3,0.5,10325.2
51633,20220918083749,20.8,1023.5,55,128,3.6,0.7,10276.0
51639,20220918083749,32.2,1016.4,52,289,8.4,0.3,10396.4
51642,20220918083749,23.5,1002.0,77,73,8.5,0.8,10483.4
51644,20220918083749,21.6,1022.2,35,279,2.6,0.7,10469.6
51655,20220918083749,13.2,1020.1,27,140,13.1,0.4,10027.5
51656,20220918083749,4.1,1018.6,28,244,13.2,0.2,10450.0
51701,20220918083749,34.8,1003.1,42,275,13.8,0.9,10094.6
51704,20220918083749,34.1,1013.9,13,323,1.8,1.4,10146.7
51705,20220918083749,25.7,1019.0,31,306,3.1,0.8,10176.4
51709,20220918083749,21.0,1007.5,29,51,12.4,1.5,10327.7
51711,20220918083749,13.3,1007.8,62,113,2.1,0.7,10400.1
51716,20220918083749,21.4,1025.2,50,105,11.8,1.4,10156.9
51720,20220918083749,28.1,1006.5,96,323,13.0,1.0,10437.1
51730,20220918083749,5.7,1009.1,21,67,7.9,0.8,10467.2
51747,20220918083749,20.6,1024.1,47,301,9.6,0.3,10003.1
51765,20220918083749,22.8,1020.4,8,217,8.7,1.2,10131.4
51777,20220918083749,22.1,1009.0,37,258,8.3,1.5,10388.5
51804,20220918083749,30.1,1009.9,95,359,14.6,0.7,10159.1
51810,20220918083749,11.1,1014.0,70,90,2.3,0.7,10355.9
51811,20220918083749,32.6,1019.1,79,139,14.1,0.9,10471.9
51818,20220918083749,1.6,1013.3,84,109,11.6,0.7,10011.8
51828,20220918083749,7.3,1010.8,21,336,6.2,0.7,10147.0
51839,20220918083749,27.8,1008.7,7,207,14.7,0.3,10341.1
51855,20220918083749,20.7,1004.7,10,342,2.0,0.7,10226.0
51931,20220918083749,30.2,1014.1,51,201,11.9,0.5,10120.0
52101,20220918083749,1.7,1017.7,71,268,11.0,0.3,10133.4
52112,20220918083749,24.5,1013.5,53,65,9.4,0.6,10389.0
52118,20220918083749,2.3,1005.0,91,66,12.9,1.1,10337.0
52203,20220918083749,26.4,1000.2,43,33,1.8,0.0,10294.2
52313,20220918083749,29.1,1000.0,91,237,3.7,0.8,10299.6
56444,20220918083749,28.3,1002.0,23,123,6.7,0.3,10415.2
56533,20220918083749,6.3,1026.0,34,267,7.3,0.7,10413.7
56543,20220918083749,10.3,1010.3,35,14,12.0,0.9,10159.9
56548,20220918083749,14.7,1005.0,76,357,0.7,1.3,10312.4
56586,20220918083749,11.1,1009.2,25,25,13.5,1.0,10075.5
56643,20220918083749,13.1,1022.8,30,348,11.1,0.6,10044.7
56651,20220918083749,5.0,1000.1,1,160,1.9,0.3,10293.5
56664,20220918083749,21.7,1008.8,64,209,9.3,1.0,10437.8
56684,20220918083749,23.9,1019.5,66,287,13.4,0.5,10361.0
56739,20220918083749,3.6,1017.0,15,276,11.5,0.7,10071.1
56748,20220918083749,24.5,1008.7,72,214,5.3,0.3,10415.2
56751,20220918083749,28.3,1008.0,3,174,7.8,1.3,10369.6
56763,20220918083749,2.8,1016.7,4,213,1.4,0.0,10124.8
56768,20220918083749,10.4,1002.7,66,312,5.4,1.1,10471.7
56778,20220918083749,11.2,1008.9,45,88,14.1,0.3,10409.5
56786,20220918083749,21.5,1020.0,70,199,10.3,0.3,10310.4
56838,20220918083749,21.4,1014.8,31,15,9.5,1.3,10140.2
56856,20220918083749,24.8,1018.0,54,272,1.9,1.4,10257.6
56872,20220918083749,11.2,1005.7,85,333,13.1,0.8,10396.2
56875,20220918083749,13.8,1001.9,8,218,9.1,0.1,10136.7
56886,20220918083749,28.7,1000.2,77,286,4.1,0.6,10352.1
56946,20220918083749,18.2,1008.1,15,42,9.8,0.3,10459.8
56950,20220918083749,23.8,1001.9,99,213,14.3,1.4,10203.7
56951,20220918083749,5.3,1006.6,32,110,6.5,1.1,10199.2
56954,20220918083749,15.0,1023.0,12,193,7.2,1.1,10203.1
56959,20220918083749,29.4,1005.5,65,106,8.6,1.4,10454.3
56964,20220918083749,32.2,1026.4,23,144,14.1,0.0,10065.2
56966,20220918083749,34.1,1024.3,37,303,12.4,0.0,10147.3
56969,20220918083749,22.3,1023.1,87,119,3.1,0.1,10238.5
56977,20220918083749,12.8,1018.8,84,261,3.3,1.2,10017.6
56985,20220918083749,15.0,1006.0,88,318,13.2,0.9,10343.6
56986,20220918083749,8.7,1023.3,13,309,9.3,0.5,10091.2
56991,20220918083749,4.3,1020.6,39,120,13.2,0.0,10167.7
59007,20220918083749,25.6,1006.6,17,78,6.6,0.7,10434.5
58448,20220918083749,2.3,1020.6,71,45,8.2,1.3,10468.9
58450,20220918083749,2.5,1008.0,51,209,5.3,0.6,10335.6
58457,20220918083749,21.5,1005.0,72,265,13.6,1.3,10036.5
58464,20220918083749,28.9,1016.2,90,183,6.5,0.9,10451.3
58467,20220918083749,15.9,1017.3,46,306,11.0,1.2,10211.8
58472,20220918083749,33.7,1013.5,96,180,14.6,1.3,10261.2
58477,20220918083749,12.5,1023.4,48,150,12.5,0.6,10486.5
58543,20220918083749,28.6,1017.6,46,72,6.9,0.2,10365.4
58549,20220918083749,9.8,1003.8,70,318,5.1,1.5,10150.3
58553,20220918083749,1.8,1021.3,17,337,11.0,1.1,10185.8
58556,20220918083749,14.3,1022.5,67,132,12.1,1.4,10293.1
58557,20220918083749,1.3,1006.6,82,282,11.8,1.0,10009.7
58562,20220918083749,11.9,1006.4,14,305,10.9,1.5,10411.3
58569,20220918083749,14.7,1020.0,1,66,13.5,0.0,10476.9
58633,20220918083749,21.9,1007.3,54,298,9.3,0.4,10421.9
58646,20220918083749,29.7,1009.3,85,137,7.4,0.1,10420.0
58652,20220918083749,31.9,1005.4,78,303,1.0,1.5,10299.8
58665,20220918083749,23.7,1011.1,58,123,7.6,0.9,10196.8
58666,20220918083749,1.4,1001.6,46,42,5.9,1.1,10007.9
58667,20220918083749,31.6,1020.1,43,224,11.1,1.0,10339.4
58742,20220918083749,7.8,1007.9,74,182,4.0,0.2,10324.9
58752,20220918083749,13.4,1010.8,31,72,6.9,0.7,10196.2
58760,20220918083749,3.2,1018.0,18,152,7.3,0.2,10062.1
57348,20220918083749,5.2,1009.8,96,321,8.6,0.2,10236.7
57426,20220918083749,9.5,1004.6,60,37,11.0,0.8,10411.9
57432,20220918083749,31.3,1010.1,89,313,8.2,0.7,10006.8
57502,20220918083749,0.5,1003.1,34,63,5.3,1.4,10128.3
57512,20220918083749,22.0,1015.9,91,235,3.0,0.2,10353.0
57516,20220918083749,3.5,1022.3,27,336,9.4,0.9,10121.9
57517,20220918083749,2.0,1011.6,25,9,0.9,0.0,10186.5
57520,20220918083749,30.4,1008.8,93,227,4.2,0.1,10407.9
57523,20220918083749,13.8,1010.9,66,168,14.3,1.2,10269.2
57536,20220918083749,11.3,1025.8,4,192,7.6,0.5,10371.1
57612,20220918083749,17.3,1016.1,62,299,13.9,0.5,10434.7
57633,20220918083749,22.7,1016.4,56,322,3.5,1.1,10357.0
